INSERT INTO merchant_category VALUES
    (1, 'restaurant'),
    (2, 'coffee shop'),
    (3, 'bar'),
    (4, 'pub'),
    (5, 'food truck');

INSERT INTO merchant VALUES
    (1, 'Murphy, Heath and Fields', 1),
    (2, 'Riggs-Adams', 1),
    (3, 'Sanders, Parks and Mcfarland', 2),
    (4, 'Mccarty-Thomas', 3),
    (5, 'Miller-Blevins', 4),
    (6, 'Wilson and Sons', 1),
    (7, 'Gomez-Kelly', 4),
    (8, 'Russell-Thomas', 1),
    (9, 'Curry, Scott and Richardson', 3),
    (10, 'Herrera Group', 1),
    (11, 'Stanton Group', 4),
    (12, 'Bell, Gonzalez and Lowe', 4),
    (13, 'Giles and Sons', 4),
    (14, 'Osborne-Page', 2),
    (15, 'Long, Harrell and Johnson', 5),
    (16, 'Bryant, Thomas and Collins', 4),
    (17, 'Bauer-Cole', 3),
    (18, 'Romero-Jordan', 5),
    (19, 'Santos-Fitzgerald', 4),
    (20, 'Kim-Lopez', 2),
    (21, 'Robertson-Smith', 4),
    (22, 'Dalton, Cameron and Jones', 3),
    (23, 'Wilson, Roberts and Davenport', 5),
    (24, 'Rodgers, Johnston and Macias', 5),
    (25, 'Vaughn, Wilson and Hall', 1),
    (26, 'Smith-Stephens', 2),
    (27, 'Horn Ltd', 2),
    (28, 'Hess-Fischer', 5),
    (29, 'Browning-Cantu', 4),
    (30, 'Atkinson Ltd', 3),
    (31, 'Fisher, Salazar and Thomas', 5),
    (32, 'Norton, Burton and Smith', 5),
    (33, 'Vasquez-Parker', 3),
    (34, 'Combs-Jones', 5),
    (35, 'Jarvis-Turner', 4),
    (36, 'Hamilton-Mcfarland', 1),
    (37, 'Nguyen, Bautista and Williams', 4),
    (38, 'Brown LLC', 3),
    (39, 'Young-Navarro', 5),
    (40, 'Cox, Montgomery and Morgan', 3),
    (41, 'Ford, Williams and Dunn', 4),
    (42, 'Kennedy-Chen', 3),
    (43, 'Wallace and Sons', 2),
    (44, 'Little-Floyd', 4),
    (45, 'Velazquez Ltd', 4),
    (46, 'Miller, Chavez and Cobb', 5),
    (47, 'Martin Inc', 1),
    (48, 'Baker Inc', 5),
    (49, 'Davis, Lowe and Baxter', 5),
    (50, 'Johnson-Watts', 1),
    (51, 'Fisher-Bolton', 1),
    (52, 'Jensen-Stanley', 5),
    (53, 'Wallace PLC', 4),
    (54, 'Berry-Lopez', 1),
    (55, 'Johnson, Rivas and Anderson', 1),
    (56, 'Smith PLC', 3),
    (57, 'Thornton-Williams', 4),
    (58, 'Young, Hull and Williams', 4),
    (59, 'Williams Group', 3),
    (60, 'Smith-Richards', 4),
    (61, 'Richardson, Smith and Jordan', 5),
    (62, 'Cooper, Carpenter and Jackson', 5),
    (63, 'Reed Group', 5),
    (64, 'Cline, Myers and Strong', 1),
    (65, 'Allen, Ramos and Carroll', 4),
    (66, 'Robles Inc', 3),
    (67, 'Maxwell, Tapia and Villanueva', 2),
    (68, 'Ramirez-Carr', 2),
    (69, 'Dominguez PLC', 5),
    (70, 'White-Hall', 3),
    (71, 'Greene LLC', 1),
    (72, 'Lopez-Kelly', 1),
    (73, 'Colon Ltd', 3),
    (74, 'Skinner-Williams', 4),
    (75, 'Martinez Group', 1),
    (76, 'Lowe PLC', 1),
    (77, 'Brown, Ballard and Glass', 1),
    (78, 'Ruiz-Anderson', 4),
    (79, 'Lee LLC', 1),
    (80, 'Kelly, Dyer and Schmitt', 5),
    (81, 'Fowler and Sons', 5),
    (82, 'Day-Murray', 5),
    (83, 'Solis Group', 5),
    (84, 'Marshall-Rojas', 2),
    (85, 'Patton-Rivera', 3),
    (86, 'Walker, Campbell and Sullivan', 5),
    (87, 'Griffin-Woodard', 3),
    (88, 'Armstrong PLC', 5),
    (89, 'Kelley-Roberts', 5),
    (90, 'Brown-Cunningham', 4),
    (91, 'Turner Ltd', 4),
    (92, 'Garcia-White', 4),
    (93, 'Rodriguez-Parker', 5),
    (94, 'Yoder-Zavala', 5),
    (95, 'Baxter-Smith', 1),
    (96, 'Johnson-Fuller', 4),
    (97, 'Ruiz-Chavez', 3),
    (98, 'Rivera PLC', 4),
    (99, 'Bond, Lewis and Rangel', 1),
    (100, 'Townsend-Anderson', 1),
    (101, 'Whitehead-Sexton', 4),
    (102, 'Walters-Ward', 1),
    (103, 'Jones, Clark and Hoover', 2),
    (104, 'Mcdaniel, Hines and Mcfarland', 2),
    (105, 'Garcia and Sons', 4),
    (106, 'Carter-Blackwell', 4),
    (107, 'Rowe-Abbott', 4),
    (108, 'Best Inc', 1),
    (109, 'Collins LLC', 2),
    (110, 'Rodriguez, Dunlap and Nunez', 2),
    (111, 'Padilla-Clements', 2),
    (112, 'Greer Inc', 3),
    (113, 'Edwards-Aguirre', 2),
    (114, 'Greene-Wood', 3),
    (115, 'Williams Inc', 4),
    (116, 'Ferguson Ltd', 2),
    (117, 'Mitchell Group', 2),
    (118, 'Maldonado Group', 2),
    (119, 'Henderson and Sons', 1),
    (120, 'Vega, Jones and Castro', 5),
    (121, 'Fleming, Smith and Collins', 3),
    (122, 'Perry and Sons', 3),
    (123, 'Boone, Davis and Townsend', 4),
    (124, 'Mccarty PLC', 1),
    (125, 'Russell and Sons', 4),
    (126, 'Bartlett and Sons', 4),
    (127, 'Williams, Wright and Wagner', 2),
    (128, 'Pitts, Salinas and Garcia', 2),
    (129, 'Sweeney-Paul', 2),
    (130, 'Brown, Estrada and Powers', 2),
    (131, 'Harrison, Newton and Hansen', 1),
    (132, 'Pugh-Williams', 3),
    (133, 'Scott, Hess and Finley', 3),
    (134, 'Jenkins, Peterson and Beck', 1),
    (135, 'Jacobs, Torres and Walker', 3),
    (136, 'Martinez-Robinson', 3),
    (137, 'Garcia PLC', 5),
    (138, 'Mccullough-Murphy', 5),
    (139, 'Kidd-Lopez', 5),
    (140, 'Wheeler-Moreno', 5),
    (141, 'Wood-Ramirez', 3),
    (142, 'Thomas-Garcia', 5),
    (143, 'Guzman, Garcia and Church', 3),
    (144, 'Walker, Deleon and Wolf', 1),
    (145, 'Hood-Phillips', 3),
    (146, 'Pitts, Smith and Gonzalez', 4),
    (147, 'Marshall-Lopez', 5),
    (148, 'Huerta, Keith and Walters', 5),
    (149, 'Clark and Sons', 5),
    (150, 'Johnson and Sons', 2);

INSERT INTO card_holder VALUES
    (1, 'Robert Johnson'),
    (2, 'Shane Shaffer'),
    (3, 'Elizabeth Sawyer'),
    (4, 'Danielle Green'),
    (5, 'Sara Cooper'),
    (6, 'Beth Hernandez'),
    (7, 'Sean Taylor'),
    (8, 'Michael Floyd'),
    (9, 'Laurie Gibbs'),
    (10, 'Matthew Gutierrez'),
    (11, 'Brandon Pineda'),
    (12, 'Megan Price'),
    (13, 'John Martin'),
    (14, 'Gary Jacobs'),
    (15, 'Kyle Tucker'),
    (16, 'Crystal Clark'),
    (17, 'Michael Carroll'),
    (18, 'Malik Carlson'),
    (19, 'Peter Mckay'),
    (20, 'Kevin Spencer'),
    (21, 'Dana Washington'),
    (22, 'Austin Johnson'),
    (23, 'Mark Lewis'),
    (24, 'Stephanie Dalton'),
    (25, 'Nancy Contreras');

INSERT INTO credit_card VALUES
    (3517111172421930, 1),
    (4761049645711555811, 1),
    (4866761290278198714, 2),
    (675911140852, 2),
    (30078299053512, 3),
    (4263694062533017, 4),
    (584226564303, 4),
    (4276466390111, 5),
    (4268491956169254, 5),
    (3581345943543942, 6),
    (4159836738768855913, 6),
    (3516952396080247, 7),
    (4539990688484983, 7),
    (4834483169177062, 8),
    (30063281385429, 8),
    (30181963913340, 9),
    (4962915017023706562, 10),
    (4165305432349489280, 10),
    (213193946980303, 10),
    (180098539019105, 11),
    (4644008655884311378, 11),
    (4027907156459098, 11),
    (501879657465, 12),
    (5297187379298983, 12),
    (376027549341849, 12),
    (4711773125020499, 13),
    (5135837688671496, 13),
    (3561954487988605, 13),
    (5175947111814778, 14),
    (4723783028106084756, 15),
    (6500236164848279, 15),
    (503842928916, 16),
    (5570600642865857, 16),
    (5500708021555307, 16),
    (6011987562414062, 17),
    (4498002758300, 18),
    (344119623920892, 18),
    (4743204091443101526, 19),
    (5361779664174555, 19),
    (3561072557118696, 19),
    (3535651398328201, 20),
    (4506405265172173, 20),
    (4586962917519654607, 20),
    (4279104135293225293, 21),
    (501809222273, 22),
    (4741042733274, 23),
    (4188164051171486, 23),
    (4150721559116778, 23),
    (4681896441519, 24),
    (30142966699187, 24),
    (3582198969197591, 24),
    (4319653513507, 25),
    (372414832802279, 25);

INSERT INTO transaction VALUES
    (222, '2018-01-01 21:35:10', 6.22, 3561954487988605, 69),
    (2045, '2018-01-01 21:43:12', 3.83, 5135837688671496, 85),
    (395, '2018-01-01 22:41:21', 9.61, 213193946980303, 82),
    (3309, '2018-01-01 23:13:30', 19.03, 4263694062533017, 5),
    (567, '2018-01-01 23:15:10', 2.95, 4498002758300, 64),
    (1683, '2018-01-02 01:13:21', 11.24, 4263694062533017, 127),
    (2083, '2018-01-02 02:06:21', 1.46, 4319653513507, 93),
    (3488, '2018-01-02 04:36:45', 3.36, 4506405265172173, 136),
    (2635, '2018-01-02 05:45:43', 16.69, 5297187379298983, 120),
    (432, '2018-01-02 10:13:09', 8.55, 5175947111814778, 70),
    (2918, '2018-01-02 11:28:35', 15.85, 180098539019105, 16),
    (2020, '2018-01-02 13:17:15', 2.64, 501879657465, 84),
    (1084, '2018-01-02 15:10:33', 10.52, 6500236164848279, 39),
    (3490, '2018-01-02 16:14:55', 3.12, 3517111172421930, 21),
    (1179, '2018-01-02 19:40:46', 10.44, 4741042733274, 55),
    (99, '2018-01-02 23:27:46', 1031.0, 501879657465, 95),
    (191, '2018-01-03 05:13:19', 2.76, 3535651398328201, 149),
    (2387, '2018-01-03 08:44:46', 3.89, 4027907156459098, 74),
    (2512, '2018-01-03 10:18:20', 14.57, 4268491956169254, 106),
    (793, '2018-01-03 10:34:16', 2.63, 30181963913340, 35),
    (533, '2018-01-03 15:23:58', 1.39, 4962915017023706562, 100),
    (1077, '2018-01-03 18:16:55', 10.27, 501809222273, 84),
    (2120, '2018-01-03 21:04:28', 1.91, 3561072557118696, 108),
    (1302, '2018-01-04 00:29:04', 12.45, 3561954487988605, 39),
    (2022, '2018-01-04 01:28:18', 2.81, 4644008655884311378, 89),
    (2806, '2018-01-04 01:35:21', 20.33, 3516952396080247, 112),
    (2922, '2018-01-04 03:00:19', 17.59, 501809222273, 100),
    (2650, '2018-01-04 03:05:18', 1685.0000000000002, 3516952396080247, 80),
    (1510, '2018-01-04 06:34:37', 10.22, 4188164051171486, 80),
    (139, '2018-01-04 11:15:55', 5.72, 3535651398328201, 99),
    (1331, '2018-01-04 13:41:56', 12.7, 5135837688671496, 122),
    (530, '2018-01-04 14:38:12', 2.84, 3535651398328201, 73),
    (2859, '2018-01-04 17:19:14', 15.48, 5175947111814778, 72),
    (2694, '2018-01-04 19:24:31', 14.31, 4586962917519654607, 134),
    (2127, '2018-01-05 00:49:22', 2.32, 4188164051171486, 136),
    (1995, '2018-01-05 01:10:27', 5.09, 501809222273, 46),
    (1346, '2018-01-05 03:11:18', 12.2, 4268491956169254, 69),
    (2176, '2018-01-05 05:47:28', 4.64, 5175947111814778, 103),
    (1552, '2018-01-05 06:26:45', 10.74, 372414832802279, 86),
    (487, '2018-01-05 06:27:06', 4.6, 4159836738768855913, 48),
    (2077, '2018-01-05 07:19:27', 1.36, 344119623920892, 30),
    (314, '2018-01-05 10:42:55', 5.31, 3561072557118696, 8),
    (77, '2018-01-05 16:58:08', 4.57, 5135837688671496, 91),
    (1570, '2018-01-06 01:43:44', 10.04, 5500708021555307, 34),
    (2439, '2018-01-06 02:16:41', 1.33, 4866761290278198714, 127),
    (2258, '2018-01-06 04:43:33', 5.31, 5297187379298983, 42),
    (1867, '2018-01-06 05:13:20', 10.82, 4866761290278198714, 70),
    (846, '2018-01-06 06:46:24', 2.7, 213193946980303, 146),
    (2890, '2018-01-06 07:00:32', 18.35, 3561954487988605, 76),
    (3291, '2018-01-06 08:42:50', 18.72, 3535651398328201, 76),
    (2557, '2018-01-06 08:49:34', 16.28, 4268491956169254, 101),
    (325, '2018-01-06 23:33:29', 7.6, 376027549341849, 141),
    (2663, '2018-01-07 00:30:25', 17.84, 4159836738768855913, 112),
    (3457, '2018-01-07 01:10:54', 175.0, 344119623920892, 12),
    (447, '2018-01-07 07:33:17', 7.07, 4834483169177062, 14),
    (1249, '2018-01-07 10:31:33', 10.9, 5297187379298983, 135),
    (2108, '2018-01-07 14:57:23', 2.93, 4319653513507, 137),
    (3028, '2018-01-07 15:10:27', 17.29, 4866761290278198714, 126),
    (149, '2018-01-07 16:50:22', 5.83, 4159836738768855913, 81),
    (2304, '2018-01-07 20:35:00', 2.5, 6011987562414062, 104),
    (1384, '2018-01-08 00:26:21', 10.04, 3581345943543942, 64),
    (1371, '2018-01-08 01:12:52', 10.4, 5500708021555307, 121),
    (1291, '2018-01-08 02:34:32', 1029.0, 3581345943543942, 145),
    (1065, '2018-01-08 04:15:30', 11.49, 4741042733274, 130),
    (1340, '2018-01-08 04:29:20', 10.64, 501809222273, 116),
    (1544, '2018-01-08 06:27:34', 10.48, 4027907156459098, 68),
    (522, '2018-01-08 10:48:26', 11.06, 4743204091443101526, 113),
    (812, '2018-01-08 11:15:36', 333.0, 344119623920892, 95),
    (1640, '2018-01-08 11:21:20', 11.98, 5500708021555307, 133),
    (2550, '2018-01-08 11:35:55', 15.84, 4150721559116778, 15),
    (2095, '2018-01-08 14:06:25', 3.52, 180098539019105, 95),
    (3130, '2018-01-08 16:38:22', 21.27, 5297187379298983, 106),
    (3085, '2018-01-08 19:31:23', 17.43, 584226564303, 19),
    (1816, '2018-01-08 20:10:59', 11.55, 344119623920892, 102),
    (3480, '2018-01-08 21:44:34', 1.68, 4681896441519, 78),
    (1188, '2018-01-08 21:44:58', 10.64, 5175947111814778, 84),
    (379, '2018-01-09 11:14:56', 7.07, 501809222273, 136),
    (687, '2018-01-09 21:06:16', 2.7, 4506405265172173, 67),
    (2558, '2018-01-09 21:43:47', 16.37, 4681896441519, 64),
    (754, '2018-01-10 00:25:40', 1.39, 372414832802279, 50),
    (608, '2018-01-10 03:17:20', 0.87, 503842928916, 129),
    (2818, '2018-01-10 03:24:29', 16.64, 3561954487988605, 65),
    (865, '2018-01-10 03:55:54', 2.3, 4150721559116778, 19),
    (998, '2018-01-10 10:07:20', 10.91, 675911140852, 78),
    (1436, '2018-01-10 13:41:23', 11.5, 3517111172421930, 49),
    (1938, '2018-01-10 14:50:30', 5.64, 5361779664174555, 44),
    (602, '2018-01-10 15:56:41', 1.22, 503842928916, 27),
    (3289, '2018-01-10 19:53:09', 18.41, 4159836738768855913, 23),
    (1361, '2018-01-10 23:03:42', 10.7, 3535651398328201, 70),
    (496, '2018-01-11 00:39:12', 3.23, 503842928916, 68),
    (156, '2018-01-11 09:27:30', 5.55, 6011987562414062, 107),
    (315, '2018-01-11 09:38:33', 7.94, 5135837688671496, 146),
    (3498, '2018-01-11 09:58:11', 1.62, 5500708021555307, 149),
    (3331, '2018-01-11 10:51:08', 1.24, 30063281385429, 7),
    (2128, '2018-01-11 12:46:01', 3.97, 4834483169177062, 44),
    (2188, '2018-01-11 13:20:31', 229.0, 5570600642865857, 115),
    (1716, '2018-01-11 16:18:55', 10.27, 5361779664174555, 46),
    (2146, '2018-01-11 19:36:21', 1.72, 4761049645711555811, 99),
    (2779, '2018-01-11 22:55:51', 19.5, 4268491956169254, 8),
    (1048, '2018-01-12 02:18:05', 11.52, 3582198969197591, 2),
    (2170, '2018-01-12 02:48:29', 1.84, 30142966699187, 2),
    (2025, '2018-01-12 04:33:17', 5.32, 4188164051171486, 10),
    (451, '2018-01-12 06:34:53', 6.19, 30181963913340, 40),
    (444, '2018-01-12 13:30:20', 5.92, 4506405265172173, 38),
    (416, '2018-01-12 13:59:09', 4.45, 501809222273, 85),
    (291, '2018-01-12 16:29:03', 4.69, 4268491956169254, 144),
    (3373, '2018-01-12 18:04:04', 1.88, 4681896441519, 44),
    (270, '2018-01-12 22:14:25', 6.4, 4276466390111, 112),
    (1937, '2018-01-12 23:38:53', 1.1, 4506405265172173, 64),
    (2835, '2018-01-13 02:02:40', 17.12, 376027549341849, 2),
    (3175, '2018-01-13 03:06:36', 16.27, 4268491956169254, 24),
    (450, '2018-01-13 03:20:50', 4.89, 213193946980303, 58),
    (2222, '2018-01-13 04:49:38', 3.63, 4506405265172173, 53),
    (2755, '2018-01-13 06:07:45', 19.24, 4962915017023706562, 32),
    (582, '2018-01-13 14:36:43', 1.35, 4150721559116778, 102),
    (1546, '2018-01-13 15:22:46', 10.15, 4711773125020499, 108),
    (718, '2018-01-13 18:34:36', 2.22, 4263694062533017, 9),
    (3445, '2018-01-13 22:18:00', 2.11, 30142966699187, 3),
    (2386, '2018-01-13 22:26:57', 3.79, 5500708021555307, 106),
    (2843, '2018-01-14 03:20:21', 14.69, 584226564303, 133),
    (3023, '2018-01-14 05:02:22', 17.84, 372414832802279, 52),
    (2879, '2018-01-14 06:19:11', 21.11, 3535651398328201, 74),
    (830, '2018-01-14 07:06:57', 3.15, 584226564303, 96),
    (2521, '2018-01-14 07:33:54', 15.21, 4741042733274, 21),
    (1482, '2018-01-14 07:50:44', 10.23, 376027549341849, 38),
    (1916, '2018-01-14 10:04:25', 12.33, 4165305432349489280, 55),
    (1560, '2018-01-14 13:30:29', 10.94, 3517111172421930, 19),
    (3159, '2018-01-14 15:03:26', 16.67, 213193946980303, 30),
    (604, '2018-01-14 15:31:50', 1.42, 376027549341849, 97),
    (970, '2018-01-14 17:29:28', 10.31, 4506405265172173, 40),
    (3359, '2018-01-15 03:37:27', 1.47, 4834483169177062, 139),
    (2787, '2018-01-15 06:23:30', 15.87, 4539990688484983, 70),
    (2622, '2018-01-15 10:27:56', 15.51, 4761049645711555811, 8),
    (1382, '2018-01-15 11:52:41', 11.67, 4159836738768855913, 139),
    (3105, '2018-01-15 11:55:38', 17.16, 3561954487988605, 101),
    (2581, '2018-01-15 19:37:59', 18.61, 3561954487988605, 74),
    (591, '2018-01-15 20:53:52', 2.95, 4681896441519, 98),
    (2714, '2018-01-16 00:57:00', 15.33, 4506405265172173, 149),
    (3333, '2018-01-16 02:26:16', 1.65, 372414832802279, 31),
    (3068, '2018-01-16 03:22:49', 13.29, 5297187379298983, 12),
    (3065, '2018-01-16 04:12:01', 16.89, 4711773125020499, 109),
    (2655, '2018-01-16 06:29:35', 17.64, 675911140852, 136),
    (2866, '2018-01-16 08:02:04', 17.36, 30078299053512, 116),
    (680, '2018-01-16 13:48:12', 1.84, 4268491956169254, 144),
    (1755, '2018-01-16 13:51:42', 13.52, 4159836738768855913, 54),
    (753, '2018-01-16 18:45:54', 1.48, 4962915017023706562, 86),
    (665, '2018-01-16 19:19:48', 2.55, 344119623920892, 99),
    (3278, '2018-01-17 00:03:25', 18.05, 4279104135293225293, 133),
    (651, '2018-01-17 00:18:59', 3.6, 4159836738768855913, 44),
    (246, '2018-01-17 00:22:04', 5.41, 4743204091443101526, 105),
    (2971, '2018-01-17 02:02:41', 15.18, 213193946980303, 75),
    (2875, '2018-01-17 04:56:56', 16.46, 376027549341849, 42),
    (758, '2018-01-17 06:36:33', 1.02, 180098539019105, 147),
    (1551, '2018-01-17 06:59:43', 10.0, 4586962917519654607, 149),
    (1889, '2018-01-17 07:31:03', 12.67, 4498002758300, 89),
    (1593, '2018-01-17 07:56:09', 11.91, 4681896441519, 2),
    (30, '2018-01-17 09:09:33', 3.82, 4711773125020499, 111),
    (733, '2018-01-17 09:25:09', 2.85, 3561954487988605, 18),
    (878, '2018-01-17 11:09:35', 12.27, 376027549341849, 146),
    (3340, '2018-01-17 15:02:38', 1.72, 4498002758300, 115),
    (105, '2018-01-17 16:57:27', 1.25, 4268491956169254, 65),
    (840, '2018-01-17 19:16:40', 2.11, 4268491956169254, 132),
    (2314, '2018-01-17 20:06:45', 2.69, 3561072557118696, 29),
    (3466, '2018-01-18 03:12:14', 3.44, 344119623920892, 5),
    (2633, '2018-01-18 08:18:50', 17.54, 4165305432349489280, 104),
    (2838, '2018-01-18 08:58:13', 17.53, 180098539019105, 137),
    (3406, '2018-01-18 11:17:37', 1.24, 30181963913340, 116),
    (2662, '2018-01-18 12:41:06', 15.86, 4319653513507, 43),
    (2119, '2018-01-18 14:13:09', 2.61, 376027549341849, 26),
    (3095, '2018-01-18 14:39:01', 19.0, 501879657465, 15),
    (1303, '2018-01-18 18:49:21', 10.19, 4159836738768855913, 116),
    (2882, '2018-01-19 01:11:13', 16.38, 5500708021555307, 82),
    (784, '2018-01-19 01:34:25', 2.59, 4723783028106084756, 47),
    (1410, '2018-01-19 03:01:33', 10.39, 4498002758300, 132),
    (2956, '2018-01-19 05:03:56', 17.53, 4962915017023706562, 82),
    (3381, '2018-01-19 07:08:43', 2.51, 4681896441519, 8),
    (2253, '2018-01-19 10:15:55', 3.93, 4761049645711555811, 13),
    (2015, '2018-01-19 11:41:42', 3.27, 213193946980303, 124),
    (1183, '2018-01-19 12:28:12', 10.4, 180098539019105, 60),
    (917, '2018-01-19 13:15:49', 10.16, 3535651398328201, 81),
    (679, '2018-01-19 14:23:21', 2.47, 4150721559116778, 131),
    (458, '2018-01-19 17:44:59', 5.96, 6500236164848279, 138),
    (1245, '2018-01-19 20:12:31', 11.58, 4866761290278198714, 132),
    (2238, '2018-01-20 01:13:21', 3.7, 5361779664174555, 107),
    (2411, '2018-01-20 02:23:13', 2.17, 4263694062533017, 109),
    (1954, '2018-01-20 03:18:02', 3.38, 30063281385429, 93),
    (2791, '2018-01-20 03:19:33', 17.64, 30078299053512, 37),
    (302, '2018-01-20 04:32:42', 4.51, 501809222273, 83),
    (1266, '2018-01-20 07:47:30', 10.58, 30142966699187, 34),
    (1456, '2018-01-20 08:35:34', 11.96, 501879657465, 121),
    (256, '2018-01-20 09:56:37', 9.81, 4159836738768855913, 69),
    (2445, '2018-01-20 10:50:36', 2.17, 4711773125020499, 113),
    (729, '2018-01-20 13:44:37', 1.83, 501879657465, 119),
    (1615, '2018-01-20 16:31:01', 10.51, 584226564303, 10),
    (1320, '2018-01-20 17:30:16', 13.84, 4506405265172173, 109),
    (193, '2018-01-20 19:46:39', 8.03, 4263694062533017, 8),
    (1037, '2018-01-20 20:11:29', 10.12, 376027549341849, 37),
    (277, '2018-01-20 21:29:46', 4.87, 180098539019105, 113),
    (2537, '2018-01-20 22:58:27', 16.44, 6500236164848279, 18),
    (1417, '2018-01-20 23:29:57', 10.58, 4723783028106084756, 110),
    (870, '2018-01-21 00:03:41', 2.32, 4711773125020499, 130),
    (3006, '2018-01-21 01:30:19', 20.29, 5135837688671496, 136),
    (132, '2018-01-21 02:01:49', 8.61, 5175947111814778, 37),
    (2844, '2018-01-21 05:38:08', 16.29, 3516952396080247, 106),
    (494, '2018-01-21 06:47:24', 5.34, 4498002758300, 85),
    (1892, '2018-01-21 13:18:10', 10.38, 4506405265172173, 15),
    (227, '2018-01-21 15:37:39', 5.51, 213193946980303, 21),
    (322, '2018-01-21 16:05:43', 2.88, 5175947111814778, 75),
    (1492, '2018-01-21 17:27:37', 10.28, 501809222273, 148),
    (1338, '2018-01-21 20:28:17', 10.24, 4723783028106084756, 63),
    (565, '2018-01-21 23:04:02', 2.22, 372414832802279, 149),
    (1704, '2018-01-22 02:08:47', 10.38, 4681896441519, 98),
    (1442, '2018-01-22 08:07:03', 1131.0, 5570600642865857, 144),
    (2044, '2018-01-22 11:52:29', 1.67, 180098539019105, 30),
    (1057, '2018-01-22 14:56:43', 10.75, 5570600642865857, 117),
    (1935, '2018-01-22 16:26:22', 2.35, 4723783028106084756, 96),
    (1364, '2018-01-22 22:48:50', 11.63, 6011987562414062, 150),
    (1509, '2018-01-23 01:51:00', 11.3, 4506405265172173, 134),
    (3499, '2018-01-23 06:23:05', 2.67, 3516952396080247, 51),
    (2667, '2018-01-23 06:29:37', 1678.0, 501879657465, 92),
    (1379, '2018-01-23 08:07:03', 10.47, 4866761290278198714, 7),
    (538, '2018-01-23 08:18:10', 1.48, 5500708021555307, 35),
    (2070, '2018-01-23 10:30:44', 4.34, 4027907156459098, 110),
    (110, '2018-01-23 12:06:35', 6.38, 5135837688671496, 94),
    (2319, '2018-01-23 16:13:22', 5.58, 584226564303, 33),
    (392, '2018-01-23 18:14:18', 7.15, 30063281385429, 88),
    (318, '2018-01-24 01:31:16', 3.54, 3535651398328201, 81),
    (2212, '2018-01-24 03:43:35', 2.78, 3581345943543942, 68),
    (263, '2018-01-24 07:14:27', 5.56, 5500708021555307, 36),
    (1463, '2018-01-24 07:55:45', 10.96, 6500236164848279, 107),
    (168, '2018-01-24 08:28:08', 5.0, 4268491956169254, 141),
    (3196, '2018-01-24 09:31:37', 15.22, 376027549341849, 83),
    (942, '2018-01-24 10:54:25', 10.69, 30063281385429, 2),
    (3093, '2018-01-24 12:41:48', 17.21, 4268491956169254, 133),
    (1231, '2018-01-24 13:06:03', 13.39, 30181963913340, 91),
    (2913, '2018-01-24 13:17:19', 1691.0, 4761049645711555811, 14),
    (3144, '2018-01-24 14:45:28', 18.15, 4681896441519, 27),
    (2973, '2018-01-24 16:42:45', 18.59, 3561954487988605, 90),
    (2265, '2018-01-24 23:15:56', 5.78, 4539990688484983, 11),
    (148, '2018-01-25 00:52:59', 8.7, 5175947111814778, 132),
    (273, '2018-01-25 07:41:11', 5.74, 4711773125020499, 20),
    (1502, '2018-01-25 08:58:28', 11.35, 376027549341849, 141),
    (178, '2018-01-25 11:54:44', 6.4, 5500708021555307, 72),
    (1841, '2018-01-25 14:38:43', 10.17, 4165305432349489280, 24),
    (1252, '2018-01-25 16:52:06', 10.1, 30181963913340, 80),
    (2880, '2018-01-26 05:10:21', 16.54, 584226564303, 13),
    (1758, '2018-01-26 06:11:05', 10.12, 3561072557118696, 124),
    (938, '2018-01-26 09:30:15', 10.76, 4498002758300, 30),
    (969, '2018-01-26 11:32:35', 11.39, 675911140852, 67),
    (1730, '2018-01-26 13:10:00', 11.95, 213193946980303, 11),
    (2478, '2018-01-26 14:06:47', 17.58, 5361779664174555, 106),
    (299, '2018-01-26 20:32:12', 7.0, 4027907156459098, 78),
    (2454, '2018-01-26 21:32:03', 17.08, 4743204091443101526, 81),
    (103, '2018-01-27 00:11:12', 5.87, 344119623920892, 64),
    (3261, '2018-01-27 00:56:55', 16.14, 4723783028106084756, 94),
    (2636, '2018-01-27 04:07:35', 18.58, 4539990688484983, 49),
    (3452, '2018-01-27 08:24:11', 3.08, 3582198969197591, 43),
    (3284, '2018-01-27 08:36:58', 15.15, 6500236164848279, 71),
    (639, '2018-01-27 14:00:31', 1.88, 6500236164848279, 35),
    (2382, '2018-01-27 18:02:40', 1.83, 4268491956169254, 85),
    (1495, '2018-01-27 19:10:04', 11.93, 213193946980303, 45),
    (142, '2018-01-27 23:35:44', 6.12, 4276466390111, 135),
    (1374, '2018-01-28 05:11:34', 13.03, 4268491956169254, 109),
    (2978, '2018-01-28 14:38:33', 19.93, 3517111172421930, 71),
    (911, '2018-01-28 14:45:12', 10.71, 5135837688671496, 77),
    (2686, '2018-01-28 17:01:39', 17.62, 5570600642865857, 82),
    (3280, '2018-01-28 18:51:37', 18.64, 6500236164848279, 147),
    (744, '2018-01-28 19:30:38', 0.72, 6011987562414062, 36),
    (231, '2018-01-28 20:44:10', 6.52, 4279104135293225293, 44),
    (2660, '2018-01-28 21:41:42', 18.8, 4027907156459098, 105),
    (3168, '2018-01-29 02:00:47', 18.65, 4498002758300, 90),
    (2852, '2018-01-29 02:49:08', 18.19, 4723783028106084756, 40),
    (549, '2018-01-29 02:51:23', 3.68, 3561072557118696, 140),
    (2115, '2018-01-29 05:15:42', 3.54, 4962915017023706562, 45),
    (1914, '2018-01-29 06:32:49', 10.24, 3517111172421930, 49),
    (536, '2018-01-29 07:01:26', 2.65, 4150721559116778, 5),
    (681, '2018-01-29 07:09:51', 2.46, 4723783028106084756, 138),
    (1798, '2018-01-29 11:06:43', 14.19, 4165305432349489280, 59),
    (356, '2018-01-29 11:52:48', 5.14, 4761049645711555811, 131),
    (2014, '2018-01-29 12:54:56', 3.93, 4743204091443101526, 142),
    (2029, '2018-01-29 13:38:21', 2.06, 3561072557118696, 22),
    (3365, '2018-01-29 14:09:08', 2.37, 5135837688671496, 92),
    (2473, '2018-01-29 17:25:24', 17.99, 3561072557118696, 34),
    (1020, '2018-01-29 19:47:14', 10.25, 5175947111814778, 91),
    (2076, '2018-01-29 22:49:11', 5.33, 4506405265172173, 45),
    (2664, '2018-01-29 23:55:06', 16.73, 584226564303, 10),
    (1486, '2018-01-30 02:32:22', 10.15, 3561072557118696, 87),
    (2177, '2018-01-30 04:24:37', 2.72, 30181963913340, 133),
    (2782, '2018-01-30 04:52:53', 17.05, 5570600642865857, 147),
    (2646, '2018-01-30 06:49:12', 15.97, 4279104135293225293, 82),
    (1027, '2018-01-30 09:15:16', 10.53, 3561072557118696, 79),
    (2047, '2018-01-30 14:21:12', 2.86, 3535651398328201, 32),
    (2132, '2018-01-30 14:21:48', 4.15, 4188164051171486, 85),
    (3205, '2018-01-30 16:34:45', 16.91, 3517111172421930, 112),
    (26, '2018-01-30 16:48:54', 4.04, 376027549341849, 74),
    (1243, '2018-01-30 17:53:56', 10.85, 4279104135293225293, 64),
    (1415, '2018-01-30 18:31:00', 1177.0, 4319653513507, 64),
    (2186, '2018-01-30 22:14:39', 3.65, 4159836738768855913, 102),
    (3126, '2018-01-31 00:51:40', 16.43, 4188164051171486, 48),
    (3310, '2018-01-31 01:24:31', 15.99, 4159836738768855913, 105),
    (1080, '2018-01-31 02:09:59', 10.09, 4586962917519654607, 118),
    (647, '2018-01-31 05:46:43', 2.75, 4319653513507, 81),
    (1729, '2018-01-31 06:01:51', 10.28, 4506405265172173, 26),
    (1545, '2018-01-31 09:42:00', 10.49, 3517111172421930, 77),
    (2219, '2018-01-31 10:34:42', 4.17, 584226564303, 78),
    (2954, '2018-01-31 11:06:22', 18.78, 4711773125020499, 48),
    (777, '2018-01-31 13:17:35', 0.58, 4741042733274, 63),
    (1405, '2018-01-31 18:25:03', 11.25, 4279104135293225293, 127),
    (3286, '2018-01-31 23:44:43', 16.02, 4506405265172173, 44),
    (1657, '2018-02-01 08:49:24', 10.26, 4723783028106084756, 115),
    (45, '2018-02-01 09:29:56', 6.3, 4539990688484983, 116),
    (1024, '2018-02-01 11:05:57', 10.49, 4741042733274, 138),
    (899, '2018-02-01 11:15:49', 10.65, 4279104135293225293, 65),
    (1279, '2018-02-01 18:37:46', 10.27, 4150721559116778, 145),
    (989, '2018-02-01 20:33:09', 11.62, 3582198969197591, 4),
    (1516, '2018-02-01 20:44:12', 10.24, 3517111172421930, 51),
    (2150, '2018-02-01 21:52:43', 1.54, 4743204091443101526, 43),
    (2793, '2018-02-02 03:11:47', 15.95, 4834483169177062, 27),
    (2776, '2018-02-02 10:56:03', 15.52, 4644008655884311378, 95),
    (1360, '2018-02-02 11:31:33', 10.75, 372414832802279, 135),
    (2638, '2018-02-02 16:57:12', 15.27, 4681896441519, 53),
    (3491, '2018-02-02 17:43:38', 2.17, 5500708021555307, 64),
    (1752, '2018-02-02 17:56:30', 10.15, 501809222273, 127),
    (2456, '2018-02-02 18:46:46', 18.64, 4741042733274, 148),
    (13, '2018-02-02 21:41:12', 4.29, 6500236164848279, 148),
    (248, '2018-02-03 03:04:53', 5.24, 3582198969197591, 83),
    (1715, '2018-02-03 06:57:16', 12.39, 5570600642865857, 69),
    (2245, '2018-02-03 07:45:02', 4.53, 5570600642865857, 80),
    (1701, '2018-02-03 12:53:24', 10.23, 4761049645711555811, 95),
    (488, '2018-02-03 14:33:11', 7.05, 30181963913340, 3),
    (638, '2018-02-03 15:45:32', 1.17, 3516952396080247, 19),
    (2719, '2018-02-03 16:27:12', 15.98, 4723783028106084756, 114),
    (3181, '2018-02-03 16:34:30', 18.53, 3561072557118696, 86),
    (3395, '2018-02-03 18:05:39', 1.41, 4866761290278198714, 65),
    (1435, '2018-02-03 18:48:33', 13.01, 30181963913340, 75),
    (3216, '2018-02-03 19:32:30', 17.94, 3516952396080247, 104),
    (2389, '2018-02-04 02:22:17', 4.79, 30063281385429, 27),
    (11, '2018-02-04 04:00:18', 6.9, 6500236164848279, 125),
    (2011, '2018-02-04 09:22:22', 2.41, 213193946980303, 94),
    (1996, '2018-02-04 16:13:14', 2.92, 5361779664174555, 4),
    (1981, '2018-02-04 18:44:31', 2.68, 4741042733274, 104),
    (810, '2018-02-04 19:02:09', 0.51, 3561954487988605, 75),
    (3281, '2018-02-04 20:48:29', 18.11, 4539990688484983, 98),
    (2256, '2018-02-04 22:25:14', 5.94, 4268491956169254, 43),
    (1505, '2018-02-05 03:47:29', 10.27, 4268491956169254, 17),
    (2688, '2018-02-05 08:37:24', 17.85, 180098539019105, 1),
    (3063, '2018-02-05 09:39:22', 15.73, 503842928916, 75),
    (2086, '2018-02-05 15:54:02', 1.52, 30063281385429, 145),
    (1740, '2018-02-05 17:32:22', 10.58, 30181963913340, 39),
    (3237, '2018-02-05 17:36:46', 17.7, 3535651398328201, 50),
    (607, '2018-02-05 19:19:11', 2.09, 4539990688484983, 87),
    (1270, '2018-02-05 19:35:31', 10.08, 501879657465, 52),
    (1281, '2018-02-05 20:08:01', 10.92, 4027907156459098, 34),
    (3297, '2018-02-05 20:43:26', 17.61, 180098539019105, 35),
    (881, '2018-02-05 21:59:07', 10.81, 372414832802279, 65),
    (1819, '2018-02-05 23:22:08', 10.96, 4159836738768855913, 67),
    (1079, '2018-02-06 04:34:49', 10.86, 4586962917519654607, 132),
    (3494, '2018-02-06 10:55:49', 2.49, 4761049645711555811, 100),
    (372, '2018-02-06 10:58:29', 4.83, 376027549341849, 72),
    (611, '2018-02-06 18:29:49', 2.53, 3561072557118696, 102),
    (1998, '2018-02-06 20:53:47', 4.58, 180098539019105, 9),
    (1603, '2018-02-06 22:44:18', 10.32, 30181963913340, 45),
    (2418, '2018-02-07 00:20:11', 5.97, 372414832802279, 104),
    (2072, '2018-02-07 01:36:19', 5.64, 4761049645711555811, 63),
    (230, '2018-02-07 02:48:38', 7.68, 4263694062533017, 63),
    (1115, '2018-02-07 03:45:39', 10.21, 4741042733274, 42),
    (1473, '2018-02-07 15:53:22', 10.33, 3561072557118696, 49),
    (859, '2018-02-07 23:35:00', 2.87, 501809222273, 70),
    (205, '2018-02-08 04:15:41', 7.02, 30063281385429, 96),
    (2878, '2018-02-08 05:12:18', 18.32, 4866761290278198714, 57),
    (2085, '2018-02-08 08:36:01', 2.48, 501809222273, 85),
    (748, '2018-02-08 10:27:37', 3.48, 4962915017023706562, 139),
    (3473, '2018-02-08 11:06:06', 2.45, 5361779664174555, 127),
    (3060, '2018-02-08 12:15:41', 15.39, 675911140852, 135),
    (364, '2018-02-08 16:35:44', 7.15, 4268491956169254, 97),
    (3102, '2018-02-08 19:56:26', 15.71, 4741042733274, 88),
    (121, '2018-02-08 21:10:00', 5.52, 584226564303, 124),
    (1927, '2018-02-09 00:54:12', 1.72, 4586962917519654607, 3),
    (3436, '2018-02-09 07:38:19', 1.16, 503842928916, 12),
    (2409, '2018-02-09 11:38:37', 445.0, 3516952396080247, 112),
    (657, '2018-02-09 15:30:03', 1.21, 3582198969197591, 101),
    (1265, '2018-02-09 19:25:44', 11.11, 501879657465, 114),
    (1142, '2018-02-10 02:01:54', 11.43, 5570600642865857, 68),
    (3133, '2018-02-10 03:34:18', 15.25, 4150721559116778, 122),
    (2665, '2018-02-10 05:36:19', 15.92, 30142966699187, 126),
    (2629, '2018-02-10 10:29:14', 20.01, 3581345943543942, 148),
    (1386, '2018-02-10 10:55:31', 10.14, 4150721559116778, 35),
    (3313, '2018-02-10 11:17:10', 12.97, 4743204091443101526, 135),
    (1556, '2018-02-10 11:56:25', 11.33, 4506405265172173, 10),
    (375, '2018-02-10 12:04:36', 7.39, 4268491956169254, 105),
    (3418, '2018-02-10 13:26:43', 1.66, 4276466390111, 72),
    (3013, '2018-02-10 16:22:57', 17.3, 5570600642865857, 150),
    (2801, '2018-02-10 16:43:22', 15.67, 3516952396080247, 25),
    (1487, '2018-02-10 18:53:22', 10.74, 213193946980303, 105),
    (206, '2018-02-11 00:03:19', 7.51, 501809222273, 25),
    (1419, '2018-02-11 02:48:31', 12.98, 3561954487988605, 115),
    (1446, '2018-02-11 06:30:43', 10.93, 4962915017023706562, 65),
    (738, '2018-02-11 08:25:36', 1.26, 3582198969197591, 38),
    (2894, '2018-02-11 14:38:30', 15.76, 4723783028106084756, 111),
    (556, '2018-02-11 16:04:02', 2.74, 4159836738768855913, 63),
    (988, '2018-02-11 17:50:29', 11.46, 4027907156459098, 131),
    (1449, '2018-02-11 21:30:00', 10.77, 584226564303, 142),
    (2290, '2018-02-11 22:11:53', 4.56, 4761049645711555811, 127),
    (2554, '2018-02-11 22:51:15', 16.2, 4539990688484983, 118),
    (127, '2018-02-12 03:44:20', 3.69, 4319653513507, 116),
    (2126, '2018-02-12 10:31:41', 5.47, 4188164051171486, 98),
    (3029, '2018-02-12 15:16:31', 19.8, 5570600642865857, 39),
    (430, '2018-02-12 15:26:58', 7.73, 4761049645711555811, 150),
    (1146, '2018-02-12 15:41:56', 10.08, 213193946980303, 49),
    (3285, '2018-02-12 16:21:37', 16.93, 4711773125020499, 84),
    (1833, '2018-02-12 21:29:58', 10.39, 4188164051171486, 66),
    (3339, '2018-02-13 01:08:02', 1.5, 5175947111814778, 137),
    (3465, '2018-02-13 01:31:17', 2.19, 4539990688484983, 1),
    (1347, '2018-02-13 01:43:23', 10.36, 376027549341849, 51),
    (3076, '2018-02-13 03:52:37', 17.21, 5297187379298983, 35),
    (2926, '2018-02-13 09:24:07', 19.2, 30142966699187, 40),
    (1848, '2018-02-13 10:34:23', 10.44, 3516952396080247, 130),
    (1708, '2018-02-13 10:35:24', 10.78, 501879657465, 101),
    (3155, '2018-02-13 13:36:50', 19.37, 4159836738768855913, 149),
    (664, '2018-02-13 20:23:29', 1.92, 4723783028106084756, 133),
    (1047, '2018-02-14 01:50:55', 10.24, 4741042733274, 81),
    (2657, '2018-02-14 04:16:16', 17.77, 30078299053512, 4),
    (2967, '2018-02-14 05:56:33', 13.85, 6500236164848279, 44),
    (2563, '2018-02-14 06:14:36', 16.13, 4268491956169254, 39),
    (2035, '2018-02-14 06:48:22', 4.75, 4159836738768855913, 32),
    (490, '2018-02-14 08:06:06', 6.17, 4150721559116778, 97),
    (3326, '2018-02-14 09:36:28', 2.73, 4498002758300, 1),
    (3282, '2018-02-14 10:44:48', 17.99, 4711773125020499, 121),
    (1836, '2018-02-14 11:14:37', 11.38, 3517111172421930, 18),
    (2060, '2018-02-14 11:45:02', 3.54, 4159836738768855913, 144),
    (195, '2018-02-14 14:16:24', 7.64, 4723783028106084756, 135),
    (3038, '2018-02-14 14:49:22', 17.36, 4498002758300, 65),
    (3016, '2018-02-14 16:46:34', 15.87, 5297187379298983, 83),
    (863, '2018-02-14 17:22:35', 2.91, 4188164051171486, 20),
    (371, '2018-02-14 18:59:49', 8.45, 5570600642865857, 4),
    (340, '2018-02-14 21:50:14', 5.62, 3561072557118696, 51),
    (1042, '2018-02-15 04:55:25', 10.29, 6011987562414062, 129),
    (1786, '2018-02-15 10:22:06', 10.0, 30142966699187, 147),
    (1714, '2018-02-15 10:24:56', 10.3, 5500708021555307, 92),
    (1155, '2018-02-15 14:12:59', 10.92, 4723783028106084756, 11),
    (891, '2018-02-15 14:49:29', 10.01, 501809222273, 6),
    (3220, '2018-02-15 16:28:19', 17.86, 3581345943543942, 91),
    (2891, '2018-02-15 19:33:13', 15.95, 3561072557118696, 118),
    (572, '2018-02-15 21:35:19', 3.46, 3535651398328201, 139),
    (670, '2018-02-16 02:59:59', 3.69, 213193946980303, 121),
    (1322, '2018-02-16 05:33:51', 10.19, 4741042733274, 98),
    (187, '2018-02-16 06:17:01', 5.83, 30142966699187, 40),
    (1693, '2018-02-16 08:32:50', 10.0, 584226564303, 42),
    (2830, '2018-02-16 10:00:20', 15.95, 30181963913340, 98),
    (727, '2018-02-16 12:15:58', 3.11, 5361779664174555, 13),
    (1469, '2018-02-16 12:31:27', 10.5, 4644008655884311378, 37),
    (1029, '2018-02-16 13:45:35', 10.48, 5570600642865857, 100),
    (3138, '2018-02-16 17:15:38', 16.69, 4681896441519, 67),
    (2543, '2018-02-16 18:57:43', 17.63, 584226564303, 63),
    (2995, '2018-02-16 20:08:20', 16.08, 501879657465, 15),
    (2401, '2018-02-16 20:44:08', 5.87, 5297187379298983, 3),
    (842, '2018-02-17 00:18:57', 2.71, 376027549341849, 122),
    (2699, '2018-02-17 01:27:19', 1430.0, 5570600642865857, 71),
    (1648, '2018-02-17 01:56:56', 10.76, 5500708021555307, 136),
    (596, '2018-02-17 02:02:40', 2.57, 4962915017023706562, 47),
    (2797, '2018-02-17 05:49:13', 17.93, 376027549341849, 30),
    (750, '2018-02-17 05:55:46', 1.27, 3581345943543942, 48),
    (3057, '2018-02-17 20:31:30', 18.03, 503842928916, 47),
    (2670, '2018-02-17 21:37:21', 17.23, 3582198969197591, 25),
    (2344, '2018-02-18 01:13:37', 2.51, 4027907156459098, 20),
    (2640, '2018-02-18 07:25:42', 16.38, 3582198969197591, 94),
    (34, '2018-02-18 08:19:55', 8.02, 5175947111814778, 67),
    (2590, '2018-02-18 08:54:19', 18.3, 344119623920892, 69),
    (2862, '2018-02-18 09:33:06', 18.06, 5570600642865857, 88),
    (3468, '2018-02-18 10:09:01', 1.63, 4962915017023706562, 36),
    (1764, '2018-02-18 11:36:44', 10.99, 30181963913340, 79),
    (2683, '2018-02-18 13:04:21', 14.91, 501809222273, 103),
    (1109, '2018-02-18 17:26:10', 11.73, 4962915017023706562, 2),
    (501, '2018-02-18 17:37:23', 3.48, 3516952396080247, 41),
    (871, '2018-02-18 17:48:32', 1.7, 180098539019105, 63),
    (1928, '2018-02-18 18:28:54', 4.26, 4165305432349489280, 94),
    (2630, '2018-02-18 20:43:22', 16.7, 4319653513507, 137),
    (1525, '2018-02-18 22:19:41', 10.31, 4681896441519, 75),
    (2116, '2018-02-19 00:17:41', 3.64, 376027549341849, 89),
    (1748, '2018-02-19 03:12:43', 11.0, 584226564303, 148),
    (1246, '2018-02-19 08:50:36', 12.17, 4761049645711555811, 149),
    (310, '2018-02-19 10:53:19', 5.36, 30063281385429, 124),
    (1679, '2018-02-19 11:31:50', 10.38, 4539990688484983, 70),
    (2785, '2018-02-19 12:45:15', 15.59, 3517111172421930, 38),
    (1480, '2018-02-19 16:00:43', 1072.0, 3516952396080247, 49),
    (2250, '2018-02-19 16:15:50', 5.42, 4644008655884311378, 134),
    (1860, '2018-02-19 17:56:39', 12.1, 4498002758300, 49),
    (3098, '2018-02-19 22:48:25', 1839.0, 344119623920892, 95),
    (1403, '2018-02-20 02:58:23', 10.9, 503842928916, 90),
    (2933, '2018-02-20 06:24:25', 18.96, 4165305432349489280, 65),
    (347, '2018-02-20 10:58:30', 4.6, 213193946980303, 66),
    (1978, '2018-02-20 13:01:42', 4.35, 4539990688484983, 22),
    (3166, '2018-02-20 17:03:54', 20.88, 584226564303, 106),
    (2174, '2018-02-20 20:28:14', 3.82, 584226564303, 87),
    (1082, '2018-02-20 22:07:53', 11.17, 3561954487988605, 70),
    (675, '2018-02-21 00:25:34', 2.81, 4506405265172173, 105),
    (3496, '2018-02-21 00:28:54', 2.08, 4962915017023706562, 85),
    (1114, '2018-02-21 03:19:03', 10.71, 30142966699187, 118),
    (3398, '2018-02-21 05:56:41', 2.88, 30142966699187, 9),
    (2861, '2018-02-21 08:21:10', 18.98, 4268491956169254, 23),
    (864, '2018-02-21 11:46:38', 3.38, 4165305432349489280, 77),
    (2469, '2018-02-21 12:56:11', 15.62, 4962915017023706562, 142),
    (2934, '2018-02-21 13:21:13', 15.78, 4761049645711555811, 5),
    (22, '2018-02-21 17:59:47', 3.8, 4268491956169254, 120),
    (3432, '2018-02-21 20:23:38', 2.31, 344119623920892, 90),
    (2295, '2018-02-21 20:40:26', 5.2, 4962915017023706562, 30),
    (1213, '2018-02-21 22:24:02', 10.07, 584226564303, 68),
    (1137, '2018-02-21 23:56:07', 10.67, 3561954487988605, 77),
    (1324, '2018-02-22 01:15:43', 12.35, 3517111172421930, 122),
    (2214, '2018-02-22 05:56:02', 3.54, 4279104135293225293, 82),
    (2952, '2018-02-22 06:40:21', 19.58, 3561072557118696, 121),
    (1818, '2018-02-22 07:59:29', 11.64, 3581345943543942, 41),
    (520, '2018-02-22 17:56:10', 7.34, 180098539019105, 146),
    (623, '2018-02-22 17:59:19', 0.93, 4681896441519, 93),
    (1483, '2018-02-22 22:15:06', 11.11, 4276466390111, 132),
    (3447, '2018-02-23 00:41:12', 3.12, 5570600642865857, 10),
    (3396, '2018-02-23 10:13:27', 1.26, 4319653513507, 26),
    (3431, '2018-02-23 10:46:28', 2.48, 3561954487988605, 112),
    (714, '2018-02-23 12:26:19', 2.63, 4319653513507, 44),
    (312, '2018-02-23 13:04:55', 6.96, 4866761290278198714, 23),
    (1929, '2018-02-23 13:05:54', 4.08, 4644008655884311378, 78),
    (850, '2018-02-23 14:39:43', 0.73, 4539990688484983, 68),
    (1141, '2018-02-23 18:49:22', 11.01, 372414832802279, 22),
    (2596, '2018-02-23 18:53:29', 17.17, 4150721559116778, 51),
    (1939, '2018-02-23 20:00:01', 3.26, 5175947111814778, 50),
    (3204, '2018-02-24 00:03:28', 16.59, 4834483169177062, 64),
    (624, '2018-02-24 02:18:56', 1.13, 501879657465, 145),
    (1298, '2018-02-24 04:59:23', 11.36, 4279104135293225293, 45),
    (666, '2018-02-24 07:59:19', 2.9, 5570600642865857, 139),
    (2227, '2018-02-24 11:53:11', 1.13, 503842928916, 134),
    (1533, '2018-02-24 13:57:21', 10.18, 501809222273, 124),
    (605, '2018-02-24 14:48:28', 3.4, 4743204091443101526, 102),
    (974, '2018-02-24 19:19:15', 10.16, 4279104135293225293, 2),
    (630, '2018-02-24 19:20:58', 3.92, 4150721559116778, 82),
    (1309, '2018-02-25 00:52:31', 12.07, 5297187379298983, 85),
    (1945, '2018-02-25 01:59:45', 3.83, 5297187379298983, 25),
    (3370, '2018-02-25 02:33:57', 2.7, 4268491956169254, 37),
    (1356, '2018-02-25 07:37:03', 11.68, 5135837688671496, 107),
    (3007, '2018-02-25 07:55:21', 18.14, 3535651398328201, 43),
    (3100, '2018-02-25 08:23:37', 15.1, 4834483169177062, 138),
    (3371, '2018-02-25 08:52:38', 2.55, 3561072557118696, 20),
    (3154, '2018-02-25 09:36:59', 18.32, 4539990688484983, 75),
    (2547, '2018-02-25 10:00:33', 18.03, 4165305432349489280, 61),
    (1760, '2018-02-25 11:23:34', 10.49, 3517111172421930, 127),
    (2112, '2018-02-25 13:40:42', 2.92, 30063281385429, 43),
    (2559, '2018-02-25 16:09:42', 14.91, 4188164051171486, 58),
    (2631, '2018-02-25 16:54:01', 18.53, 4165305432349489280, 91),
    (3400, '2018-02-25 17:30:07', 2.85, 4743204091443101526, 113),
    (708, '2018-02-26 01:52:16', 1.01, 675911140852, 81),
    (1272, '2018-02-26 03:00:54', 10.35, 5297187379298983, 87),
    (3349, '2018-02-26 03:29:02', 2.14, 4276466390111, 119),
    (2402, '2018-02-26 03:56:40', 2.38, 3517111172421930, 81),
    (492, '2018-02-26 07:25:47', 7.23, 376027549341849, 66),
    (2842, '2018-02-26 07:31:20', 13.46, 4586962917519654607, 21),
    (3207, '2018-02-26 09:57:26', 17.87, 4723783028106084756, 4),
    (1796, '2018-02-26 10:39:29', 10.21, 3561954487988605, 52),
    (52, '2018-02-27 00:02:20', 7.11, 376027549341849, 88),
    (3008, '2018-02-27 01:20:09', 19.67, 4268491956169254, 95),
    (17, '2018-02-27 05:09:28', 6.35, 4644008655884311378, 2),
    (2003, '2018-02-27 06:33:42', 5.3, 503842928916, 102),
    (2836, '2018-02-27 08:27:00', 18.52, 675911140852, 6),
    (5, '2018-02-27 09:20:29', 6.03, 4150721559116778, 18),
    (144, '2018-02-27 12:53:43', 11.36, 501809222273, 136),
    (1842, '2018-02-27 15:27:32', 1145.0, 3581345943543942, 33),
    (924, '2018-02-28 00:50:21', 10.21, 3517111172421930, 56),
    (751, '2018-02-28 02:06:08', 0.91, 372414832802279, 79),
    (625, '2018-02-28 04:36:28', 1.41, 3535651398328201, 101),
    (138, '2018-02-28 09:00:15', 6.16, 4539990688484983, 2),
    (2183, '2018-02-28 09:13:38', 2.59, 4962915017023706562, 139),
    (3394, '2018-02-28 13:56:12', 1.18, 372414832802279, 28),
    (1216, '2018-03-01 03:52:18', 11.34, 5500708021555307, 126),
    (2424, '2018-03-01 10:05:17', 4.47, 213193946980303, 148),
    (455, '2018-03-01 15:32:22', 10.46, 5570600642865857, 120),
    (223, '2018-03-01 18:42:20', 6.13, 501879657465, 22),
    (2644, '2018-03-01 20:03:47', 15.53, 3582198969197591, 39),
    (1005, '2018-03-01 21:29:05', 1119.0, 30078299053512, 19),
    (2572, '2018-03-01 23:00:57', 12.65, 5361779664174555, 135),
    (433, '2018-03-01 23:17:42', 9.26, 5500708021555307, 121),
    (2799, '2018-03-01 23:38:12', 20.22, 4027907156459098, 72),
    (2321, '2018-03-02 02:48:43', 3.12, 6011987562414062, 127),
    (101, '2018-03-02 03:35:56', 4.4, 30078299053512, 111),
    (2277, '2018-03-02 06:42:40', 1.49, 501879657465, 126),
    (1791, '2018-03-02 09:24:52', 10.56, 4834483169177062, 124),
    (2325, '2018-03-02 11:05:27', 1.92, 213193946980303, 44),
    (3336, '2018-03-02 11:42:48', 1.37, 5135837688671496, 63),
    (366, '2018-03-02 12:56:48', 6.25, 213193946980303, 67),
    (3001, '2018-03-02 12:57:18', 16.54, 5297187379298983, 31),
    (2232, '2018-03-02 13:14:30', 1.1, 30063281385429, 76),
    (1315, '2018-03-02 17:30:33', 10.19, 5297187379298983, 68),
    (547, '2018-03-02 17:44:08', 2.05, 584226564303, 19),
    (992, '2018-03-02 18:37:24', 10.02, 5500708021555307, 88),
    (3118, '2018-03-02 18:53:41', 15.95, 30078299053512, 72),
    (3420, '2018-03-02 19:34:07', 1.77, 4711773125020499, 23),
    (1397, '2018-03-02 19:40:34', 10.06, 6011987562414062, 19),
    (1150, '2018-03-02 23:23:52', 12.42, 4319653513507, 65),
    (251, '2018-03-03 02:05:51', 3.49, 3517111172421930, 88),
    (3357, '2018-03-03 02:17:54', 2.85, 30142966699187, 138),
    (2524, '2018-03-03 05:07:39', 18.03, 180098539019105, 111),
    (3238, '2018-03-03 08:42:02', 19.5, 4681896441519, 23),
    (2394, '2018-03-03 11:05:28', 5.34, 4268491956169254, 1),
    (667, '2018-03-03 11:08:50', 3.69, 5361779664174555, 126),
    (3319, '2018-03-03 13:04:51', 18.44, 4276466390111, 90),
    (1835, '2018-03-03 14:02:41', 10.28, 30078299053512, 37),
    (1663, '2018-03-03 14:14:15', 11.32, 30142966699187, 84),
    (3090, '2018-03-03 18:45:59', 17.94, 4498002758300, 130),
    (1342, '2018-03-04 00:52:49', 10.85, 4834483169177062, 48),
    (3136, '2018-03-04 03:56:11', 15.4, 4741042733274, 67),
    (2413, '2018-03-04 04:38:49', 2.02, 4268491956169254, 12),
    (622, '2018-03-04 06:20:22', 3.07, 5500708021555307, 81),
    (332, '2018-03-04 07:04:06', 2.23, 5135837688671496, 48),
    (420, '2018-03-04 10:13:36', 4.53, 213193946980303, 116),
    (2155, '2018-03-04 12:58:48', 1.94, 584226564303, 117),
    (70, '2018-03-04 13:32:00', 5.7, 30181963913340, 150),
    (2789, '2018-03-04 15:50:53', 1534.0, 30181963913340, 118),
    (827, '2018-03-04 17:41:10', 2.98, 5500708021555307, 141),
    (787, '2018-03-04 19:14:58', 3.42, 5175947111814778, 129),
    (1494, '2018-03-04 20:41:27', 12.29, 4159836738768855913, 99),
    (610, '2018-03-04 20:48:10', 1.13, 376027549341849, 109),
    (1211, '2018-03-04 22:35:20', 11.32, 4644008655884311378, 100),
    (2050, '2018-03-04 23:28:50', 3.64, 584226564303, 79),
    (3025, '2018-03-05 00:15:21', 15.73, 584226564303, 31),
    (304, '2018-03-05 05:48:41', 5.98, 4743204091443101526, 75),
    (2464, '2018-03-05 06:18:35', 15.48, 4681896441519, 85),
    (2246, '2018-03-05 06:58:53', 2.05, 4539990688484983, 116),
    (2486, '2018-03-05 07:34:15', 16.58, 4319653513507, 135),
    (2451, '2018-03-05 08:26:08', 1617.0000000000002, 5570600642865857, 4),
    (2928, '2018-03-05 10:19:07', 19.69, 4276466390111, 139),
    (508, '2018-03-05 11:06:17', 5.01, 30063281385429, 51),
    (580, '2018-03-05 11:39:50', 3.19, 4263694062533017, 111),
    (3403, '2018-03-05 12:32:16', 1.68, 4268491956169254, 43),
    (2327, '2018-03-05 14:58:09', 4.54, 4150721559116778, 39),
    (2856, '2018-03-05 15:43:47', 17.06, 4866761290278198714, 142),
    (2172, '2018-03-06 02:12:47', 3.83, 4539990688484983, 120),
    (1448, '2018-03-06 03:48:18', 10.94, 4188164051171486, 66),
    (219, '2018-03-06 04:01:25', 4.1, 4866761290278198714, 127),
    (2005, '2018-03-06 05:30:11', 5.57, 3561072557118696, 37),
    (2840, '2018-03-06 07:18:09', 1334.0, 4319653513507, 87),
    (2602, '2018-03-06 11:34:55', 17.3, 6500236164848279, 66),
    (438, '2018-03-06 12:39:14', 5.62, 3535651398328201, 46),
    (2750, '2018-03-06 13:24:44', 18.8, 4188164051171486, 132),
    (1903, '2018-03-06 16:09:53', 10.82, 344119623920892, 65),
    (1030, '2018-03-06 20:15:28', 12.6, 4279104135293225293, 59),
    (1611, '2018-03-07 00:05:21', 12.92, 344119623920892, 126),
    (2911, '2018-03-07 02:46:57', 15.55, 503842928916, 77),
    (1773, '2018-03-07 02:52:30', 10.92, 503842928916, 54),
    (185, '2018-03-07 03:03:21', 6.46, 5500708021555307, 118),
    (2368, '2018-03-07 04:00:16', 1.41, 180098539019105, 50),
    (1918, '2018-03-07 05:49:44', 12.91, 4711773125020499, 140),
    (353, '2018-03-07 09:22:27', 3.97, 4159836738768855913, 146),
    (746, '2018-03-07 16:45:37', 2.88, 4319653513507, 84),
    (283, '2018-03-07 17:14:46', 4.77, 4268491956169254, 101),
    (2027, '2018-03-07 18:43:44', 1.26, 3561954487988605, 115),
    (1276, '2018-03-07 19:07:30', 10.18, 4498002758300, 117),
    (1133, '2018-03-07 19:14:00', 10.37, 4498002758300, 45),
    (1406, '2018-03-07 22:35:31', 11.16, 501879657465, 117),
    (2013, '2018-03-08 00:32:59', 4.89, 6500236164848279, 114),
    (1023, '2018-03-08 04:08:16', 10.21, 501879657465, 32),
    (3428, '2018-03-08 07:46:00', 1.37, 5175947111814778, 48),
    (1771, '2018-03-08 09:02:09', 10.84, 4711773125020499, 61),
    (1999, '2018-03-08 09:47:40', 2.99, 5297187379298983, 110),
    (73, '2018-03-08 15:38:27', 8.19, 4027907156459098, 118),
    (1582, '2018-03-08 16:31:22', 11.22, 4165305432349489280, 134),
    (641, '2018-03-08 17:36:48', 3.23, 503842928916, 150),
    (2239, '2018-03-08 18:56:27', 1.32, 4586962917519654607, 44),
    (2573, '2018-03-08 20:11:49', 20.71, 30063281385429, 19),
    (2620, '2018-03-08 20:28:05', 18.21, 4586962917519654607, 101),
    (3097, '2018-03-09 00:13:59', 18.11, 6011987562414062, 70),
    (2030, '2018-03-09 00:31:16', 3.63, 3517111172421930, 5),
    (2226, '2018-03-09 02:18:29', 3.67, 4681896441519, 85),
    (2117, '2018-03-09 03:31:09', 5.02, 4506405265172173, 66),
    (2205, '2018-03-09 03:59:06', 2.04, 372414832802279, 108),
    (38, '2018-03-09 04:51:38', 389.0, 3581345943543942, 76),
    (1866, '2018-03-09 05:28:06', 11.77, 4027907156459098, 126),
    (3176, '2018-03-09 05:47:19', 12.15, 344119623920892, 99),
    (2449, '2018-03-09 11:21:07', 5.45, 30142966699187, 117),
    (3197, '2018-03-09 11:41:54', 15.72, 501809222273, 68),
    (463, '2018-03-09 12:18:16', 8.63, 4741042733274, 28),
    (995, '2018-03-09 13:47:25', 10.18, 4506405265172173, 103),
    (1032, '2018-03-09 13:55:45', 10.72, 30078299053512, 26),
    (2609, '2018-03-09 14:53:23', 16.07, 3517111172421930, 117),
    (1429, '2018-03-09 14:55:31', 10.54, 4834483169177062, 60),
    (1149, '2018-03-09 16:30:56', 10.92, 4962915017023706562, 65),
    (2822, '2018-03-09 23:28:44', 16.38, 213193946980303, 38),
    (1366, '2018-03-09 23:41:26', 11.7, 3561954487988605, 2),
    (290, '2018-03-10 00:20:50', 8.15, 5570600642865857, 44),
    (269, '2018-03-10 00:47:29', 8.45, 4586962917519654607, 5),
    (472, '2018-03-10 02:22:01', 5.09, 4159836738768855913, 135),
    (1699, '2018-03-10 03:53:17', 10.86, 30181963913340, 97),
    (586, '2018-03-10 05:41:14', 1.68, 5175947111814778, 69),
    (373, '2018-03-10 06:05:39', 4.69, 4159836738768855913, 92),
    (929, '2018-03-10 08:52:09', 13.53, 675911140852, 109),
    (2270, '2018-03-10 13:05:20', 4.65, 30063281385429, 130),
    (201, '2018-03-10 13:26:19', 6.79, 4498002758300, 115),
    (2323, '2018-03-10 19:52:29', 4.13, 675911140852, 64),
    (575, '2018-03-10 23:00:35', 0.76, 3517111172421930, 2),
    (2863, '2018-03-10 23:42:01', 18.88, 4276466390111, 14),
    (3081, '2018-03-11 00:57:07', 18.36, 5570600642865857, 48),
    (960, '2018-03-11 03:59:13', 10.78, 213193946980303, 98),
    (1646, '2018-03-11 04:02:13', 10.13, 5361779664174555, 145),
    (1036, '2018-03-11 04:40:09', 12.67, 4962915017023706562, 9),
    (1203, '2018-03-11 09:33:38', 10.08, 4866761290278198714, 34),
    (1467, '2018-03-11 11:44:49', 10.2, 3517111172421930, 49),
    (925, '2018-03-11 15:47:35', 10.79, 180098539019105, 142),
    (418, '2018-03-11 17:34:44', 7.19, 5570600642865857, 109),
    (3267, '2018-03-11 19:37:02', 13.57, 4319653513507, 70),
    (1263, '2018-03-11 21:52:20', 10.4, 4276466390111, 39),
    (3438, '2018-03-11 22:09:12', 3.35, 30063281385429, 78),
    (3268, '2018-03-11 22:39:53', 18.05, 3535651398328201, 38),
    (2610, '2018-03-12 00:44:01', 1530.0, 501879657465, 20),
    (1566, '2018-03-12 01:00:24', 10.1, 372414832802279, 89),
    (2682, '2018-03-12 04:06:40', 15.13, 5361779664174555, 143),
    (2081, '2018-03-12 05:07:34', 3.79, 675911140852, 77),
    (2749, '2018-03-12 05:29:57', 22.49, 6011987562414062, 147),
    (1242, '2018-03-12 06:01:02', 10.69, 4276466390111, 73),
    (3273, '2018-03-12 06:23:31', 17.37, 6500236164848279, 50),
    (1194, '2018-03-12 08:57:11', 11.55, 5175947111814778, 88),
    (2021, '2018-03-12 09:08:18', 1.65, 372414832802279, 13),
    (2990, '2018-03-12 13:06:35', 20.53, 4711773125020499, 42),
    (3314, '2018-03-12 14:09:43', 20.52, 5135837688671496, 135),
    (2009, '2018-03-12 17:16:34', 3.08, 372414832802279, 76),
    (1785, '2018-03-12 19:29:00', 10.14, 213193946980303, 143),
    (807, '2018-03-12 20:04:21', 2.41, 180098539019105, 60),
    (3368, '2018-03-12 21:31:02', 1.62, 501809222273, 70),
    (1470, '2018-03-12 22:14:04', 10.84, 4150721559116778, 21),
    (2287, '2018-03-13 01:03:47', 2.69, 376027549341849, 98),
    (731, '2018-03-13 03:50:55', 2.97, 3517111172421930, 144),
    (966, '2018-03-13 10:35:49', 10.0, 5500708021555307, 63),
    (2358, '2018-03-13 11:42:46', 1.88, 4723783028106084756, 28),
    (2615, '2018-03-13 18:40:48', 15.06, 213193946980303, 119),
    (1064, '2018-03-13 20:05:06', 10.46, 344119623920892, 5),
    (3413, '2018-03-13 22:45:15', 2.76, 4586962917519654607, 83),
    (1576, '2018-03-14 13:39:02', 11.33, 4761049645711555811, 143),
    (2254, '2018-03-14 16:12:53', 5.16, 4723783028106084756, 128),
    (3383, '2018-03-14 16:32:44', 3.1, 4741042733274, 75),
    (999, '2018-03-14 18:42:06', 10.39, 5175947111814778, 107),
    (1864, '2018-03-14 20:45:55', 11.79, 30181963913340, 13),
    (2790, '2018-03-14 21:33:29', 18.35, 501809222273, 102),
    (1573, '2018-03-14 22:20:54', 10.02, 6011987562414062, 18),
    (33, '2018-03-14 23:24:08', 7.22, 4268491956169254, 142),
    (1503, '2018-03-15 01:47:05', 10.18, 584226564303, 128),
    (164, '2018-03-15 03:52:08', 3.64, 4681896441519, 106),
    (2018, '2018-03-15 06:35:54', 4.09, 4268491956169254, 126),
    (2883, '2018-03-15 06:41:30', 15.24, 675911140852, 33),
    (1258, '2018-03-15 07:30:36', 11.12, 213193946980303, 87),
    (2532, '2018-03-15 10:11:12', 18.01, 4962915017023706562, 134),
    (926, '2018-03-15 13:06:10', 10.9, 6011987562414062, 141),
    (2410, '2018-03-15 18:24:19', 3.2, 4159836738768855913, 126),
    (2293, '2018-03-16 01:07:59', 2.29, 4506405265172173, 104),
    (2388, '2018-03-16 02:04:54', 4.2, 372414832802279, 54),
    (271, '2018-03-16 04:29:47', 3.02, 4962915017023706562, 10),
    (653, '2018-03-16 04:32:53', 2.7, 4188164051171486, 113),
    (235, '2018-03-16 05:07:18', 6.45, 4681896441519, 74),
    (2090, '2018-03-16 06:18:36', 2.57, 4279104135293225293, 147),
    (2297, '2018-03-16 10:19:31', 1.97, 376027549341849, 87),
    (1769, '2018-03-16 13:00:13', 10.09, 30078299053512, 68),
    (62, '2018-03-16 16:57:27', 5.59, 4276466390111, 24),
    (361, '2018-03-16 21:30:32', 9.72, 5570600642865857, 98),
    (2236, '2018-03-16 21:38:11', 4.09, 5175947111814778, 40),
    (141, '2018-03-17 00:58:15', 2.73, 4188164051171486, 34),
    (826, '2018-03-17 01:16:34', 3.14, 4681896441519, 120),
    (1255, '2018-03-17 08:07:52', 10.36, 30142966699187, 44),
    (1958, '2018-03-17 10:10:48', 3.45, 4741042733274, 93),
    (2136, '2018-03-17 14:17:13', 5.33, 3535651398328201, 28),
    (2679, '2018-03-17 16:30:11', 17.59, 5175947111814778, 145),
    (2062, '2018-03-17 16:30:43', 5.22, 213193946980303, 8),
    (2053, '2018-03-17 18:22:07', 2.56, 4319653513507, 77),
    (1433, '2018-03-17 21:08:36', 13.27, 4761049645711555811, 76),
    (1013, '2018-03-17 21:41:05', 12.21, 4711773125020499, 134),
    (1390, '2018-03-18 01:20:51', 12.13, 6500236164848279, 4),
    (1911, '2018-03-18 07:23:02', 10.47, 503842928916, 51),
    (1972, '2018-03-18 11:51:52', 4.07, 501879657465, 24),
    (2684, '2018-03-18 12:29:39', 18.28, 372414832802279, 89),
    (1225, '2018-03-18 14:23:07', 10.49, 4723783028106084756, 27),
    (2335, '2018-03-18 17:59:35', 3.09, 4150721559116778, 51),
    (1074, '2018-03-18 18:55:28', 11.22, 4866761290278198714, 79),
    (3156, '2018-03-18 19:02:13', 18.27, 4276466390111, 76),
    (83, '2018-03-18 19:05:54', 2.94, 6011987562414062, 97),
    (3429, '2018-03-18 20:00:59', 1.56, 5361779664174555, 71),
    (2487, '2018-03-18 21:22:08', 16.72, 4741042733274, 50),
    (3189, '2018-03-18 22:43:09', 20.38, 4279104135293225293, 56),
    (2223, '2018-03-18 23:29:47', 1.56, 4711773125020499, 133),
    (1532, '2018-03-19 05:14:37', 10.17, 5297187379298983, 32),
    (747, '2018-03-19 05:53:26', 0.92, 344119623920892, 47),
    (157, '2018-03-19 08:40:24', 10.26, 376027549341849, 33),
    (2899, '2018-03-19 16:35:31', 14.85, 4159836738768855913, 125),
    (2811, '2018-03-19 19:55:24', 18.84, 503842928916, 34),
    (2519, '2018-03-19 21:18:57', 15.28, 4834483169177062, 20),
    (1175, '2018-03-19 22:03:42', 11.17, 5500708021555307, 91),
    (1063, '2018-03-19 22:28:56', 10.31, 3517111172421930, 56),
    (2877, '2018-03-19 22:56:11', 15.0, 5500708021555307, 21),
    (1568, '2018-03-19 23:50:08', 11.05, 4279104135293225293, 36),
    (3266, '2018-03-20 02:31:55', 18.14, 4498002758300, 52),
    (2535, '2018-03-20 05:05:50', 17.0, 180098539019105, 6),
    (1518, '2018-03-20 06:01:25', 10.15, 675911140852, 117),
    (3410, '2018-03-20 08:58:40', 2.06, 4276466390111, 130),
    (236, '2018-03-20 10:19:25', 852.0, 501879657465, 35),
    (916, '2018-03-20 12:58:34', 12.16, 4723783028106084756, 109),
    (1821, '2018-03-20 13:05:54', 1011.0, 30142966699187, 141),
    (3003, '2018-03-20 15:18:33', 18.41, 5361779664174555, 139),
    (1127, '2018-03-20 15:47:33', 11.54, 4506405265172173, 53),
    (3407, '2018-03-20 17:15:15', 1.64, 4866761290278198714, 60),
    (2056, '2018-03-21 01:10:18', 3.2, 4711773125020499, 100),
    (1207, '2018-03-21 04:04:04', 10.54, 3516952396080247, 107),
    (552, '2018-03-21 08:07:16', 1.77, 5570600642865857, 51),
    (2966, '2018-03-21 10:17:56', 18.18, 501809222273, 79),
    (2707, '2018-03-21 14:26:38', 16.19, 180098539019105, 12),
    (1905, '2018-03-21 16:22:37', 11.7, 503842928916, 12),
    (79, '2018-03-21 17:16:06', 7.24, 4681896441519, 137),
    (2502, '2018-03-21 18:06:25', 16.71, 4741042733274, 90),
    (2985, '2018-03-21 20:15:49', 16.3, 4644008655884311378, 124),
    (2916, '2018-03-21 21:49:48', 15.95, 4268491956169254, 145),
    (107, '2018-03-22 00:52:06', 5.39, 4644008655884311378, 138),
    (1971, '2018-03-22 08:20:15', 4.98, 4165305432349489280, 49),
    (288, '2018-03-22 10:13:54', 6.82, 4866761290278198714, 112),
    (1344, '2018-03-22 10:34:09', 10.45, 3561954487988605, 33),
    (2853, '2018-03-22 11:56:50', 18.3, 3517111172421930, 35),
    (1407, '2018-03-22 13:13:49', 11.2, 4743204091443101526, 76),
    (601, '2018-03-22 13:35:24', 2.3, 4681896441519, 55),
    (3188, '2018-03-22 14:16:15', 13.88, 30063281385429, 19),
    (945, '2018-03-22 23:42:48', 11.36, 6011987562414062, 59),
    (694, '2018-03-23 07:13:23', 1.46, 376027549341849, 121),
    (541, '2018-03-23 07:49:52', 2.79, 376027549341849, 41),
    (2907, '2018-03-23 09:31:49', 14.26, 503842928916, 43),
    (1161, '2018-03-23 12:13:43', 11.46, 4681896441519, 99),
    (1886, '2018-03-23 15:04:43', 10.45, 213193946980303, 120),
    (2849, '2018-03-23 17:23:57', 18.88, 5135837688671496, 136),
    (2292, '2018-03-23 18:20:40', 3.41, 30078299053512, 8),
    (3379, '2018-03-24 00:51:57', 3.08, 4743204091443101526, 87),
    (2965, '2018-03-24 01:13:41', 15.83, 5135837688671496, 133),
    (950, '2018-03-24 02:22:57', 11.11, 4761049645711555811, 137),
    (1474, '2018-03-24 04:51:58', 10.04, 4681896441519, 149),
    (1587, '2018-03-24 09:19:46', 12.34, 5500708021555307, 42),
    (1804, '2018-03-24 11:29:42', 11.94, 3561072557118696, 80),
    (1709, '2018-03-24 12:10:08', 10.14, 4741042733274, 114),
    (3104, '2018-03-24 13:54:41', 18.64, 4723783028106084756, 14),
    (1375, '2018-03-24 14:58:56', 10.91, 6500236164848279, 104),
    (2626, '2018-03-24 17:21:08', 18.1, 5570600642865857, 64),
    (3485, '2018-03-24 18:16:00', 1.81, 4027907156459098, 119),
    (1297, '2018-03-24 22:30:49', 10.15, 6011987562414062, 83),
    (1784, '2018-03-24 22:45:14', 10.78, 180098539019105, 44),
    (2548, '2018-03-25 00:54:15', 15.48, 5361779664174555, 107),
    (27, '2018-03-25 05:17:49', 6.7, 4586962917519654607, 95),
    (46, '2018-03-25 08:27:43', 5.17, 30078299053512, 19),
    (1116, '2018-03-25 12:33:24', 11.05, 376027549341849, 89),
    (2037, '2018-03-25 13:07:44', 2.62, 4188164051171486, 65),
    (2648, '2018-03-25 13:31:56', 19.6, 344119623920892, 93),
    (1922, '2018-03-25 15:00:40', 12.27, 4711773125020499, 108),
    (1118, '2018-03-25 15:27:30', 11.38, 5361779664174555, 139),
    (1317, '2018-03-25 17:32:11', 11.37, 4506405265172173, 36),
    (1993, '2018-03-25 19:05:08', 4.57, 3561954487988605, 137),
    (566, '2018-03-26 02:44:07', 3.11, 4506405265172173, 60),
    (2385, '2018-03-26 05:08:48', 4.43, 4263694062533017, 97),
    (1620, '2018-03-26 07:41:59', 1009.0, 30181963913340, 111),
    (2895, '2018-03-26 08:08:27', 19.34, 5500708021555307, 96),
    (204, '2018-03-26 08:14:09', 6.2, 501809222273, 45),
    (529, '2018-03-26 12:28:38', 2.16, 376027549341849, 53),
    (1447, '2018-03-26 18:39:32', 10.27, 4834483169177062, 16),
    (2139, '2018-03-26 22:58:10', 2.85, 4962915017023706562, 75),
    (951, '2018-03-27 02:40:54', 13.77, 4263694062533017, 48),
    (766, '2018-03-27 07:04:02', 0.78, 4268491956169254, 48),
    (1215, '2018-03-27 12:20:26', 11.01, 30078299053512, 95),
    (2865, '2018-03-27 17:52:28', 17.38, 30142966699187, 43),
    (2453, '2018-03-27 18:10:00', 15.79, 5297187379298983, 30),
    (583, '2018-03-27 19:33:15', 2.55, 5500708021555307, 23),
    (1936, '2018-03-27 21:24:13', 4.39, 4165305432349489280, 92),
    (1989, '2018-03-28 04:11:22', 3.05, 5297187379298983, 70),
    (2953, '2018-03-28 05:30:09', 19.55, 30142966699187, 23),
    (2570, '2018-03-28 07:36:02', 16.36, 4165305432349489280, 67),
    (3405, '2018-03-28 11:15:53', 2.45, 4159836738768855913, 24),
    (1711, '2018-03-28 13:00:17', 11.63, 3561072557118696, 35),
    (2792, '2018-03-28 14:44:02', 18.68, 30142966699187, 149),
    (3151, '2018-03-28 14:52:41', 16.68, 4539990688484983, 119),
    (2496, '2018-03-28 19:25:33', 14.22, 4150721559116778, 46),
    (1810, '2018-03-28 23:13:53', 10.92, 3517111172421930, 82),
    (1387, '2018-03-28 23:56:44', 10.46, 4962915017023706562, 26),
    (3347, '2018-03-29 00:33:24', 1.41, 584226564303, 2),
    (478, '2018-03-29 06:38:59', 5.39, 5361779664174555, 3),
    (154, '2018-03-29 11:42:05', 6.57, 3581345943543942, 150),
    (2642, '2018-03-29 13:21:16', 16.07, 4711773125020499, 74),
    (576, '2018-03-29 14:43:30', 1.46, 4276466390111, 138),
    (1734, '2018-03-29 17:18:07', 10.59, 4711773125020499, 83),
    (3364, '2018-03-29 18:31:14', 3.21, 376027549341849, 149),
    (752, '2018-03-29 18:33:39', 2.53, 344119623920892, 21),
    (2495, '2018-03-29 20:01:40', 18.62, 4866761290278198714, 11),
    (1974, '2018-03-30 05:38:41', 4.91, 4159836738768855913, 18),
    (400, '2018-03-30 06:01:36', 7.55, 4027907156459098, 59),
    (1862, '2018-03-30 08:12:28', 12.96, 4268491956169254, 103),
    (1537, '2018-03-30 08:28:18', 10.53, 4188164051171486, 13),
    (457, '2018-03-30 12:57:30', 6.27, 4159836738768855913, 33),
    (3106, '2018-03-30 15:39:04', 19.87, 501809222273, 33),
    (817, '2018-03-30 16:04:04', 1.52, 4743204091443101526, 104),
    (1153, '2018-03-30 17:01:55', 10.58, 4761049645711555811, 3),
    (2220, '2018-03-30 17:36:58', 1.26, 3517111172421930, 61),
    (2743, '2018-03-30 18:46:40', 17.2, 503842928916, 138),
    (507, '2018-03-30 21:04:57', 3.08, 4498002758300, 80),
    (274, '2018-03-30 22:54:28', 6.43, 4268491956169254, 126),
    (1145, '2018-03-30 23:00:32', 10.79, 4723783028106084756, 135),
    (1072, '2018-03-31 00:50:30', 11.53, 3517111172421930, 139),
    (1271, '2018-03-31 03:26:27', 10.46, 4711773125020499, 53),
    (3042, '2018-03-31 04:35:13', 16.53, 5570600642865857, 90),
    (2941, '2018-03-31 06:08:07', 14.21, 4276466390111, 87),
    (2435, '2018-03-31 08:48:53', 3.65, 5361779664174555, 129),
    (2897, '2018-03-31 09:18:18', 13.98, 5175947111814778, 75),
    (2653, '2018-03-31 12:54:47', 18.59, 4743204091443101526, 109),
    (909, '2018-03-31 16:18:26', 11.41, 4743204091443101526, 30),
    (3335, '2018-03-31 17:56:51', 2.35, 30181963913340, 111),
    (3235, '2018-03-31 20:12:10', 21.04, 372414832802279, 103),
    (390, '2018-03-31 21:50:44', 4.22, 4962915017023706562, 24),
    (179, '2018-03-31 22:41:23', 6.82, 30142966699187, 92),
    (1934, '2018-03-31 23:13:53', 1.56, 344119623920892, 142),
    (739, '2018-04-01 01:48:11', 1.71, 30078299053512, 19),
    (774, '2018-04-01 07:17:21', 100.0, 4319653513507, 111),
    (2332, '2018-04-01 11:54:51', 1.08, 675911140852, 140),
    (1177, '2018-04-01 13:53:19', 14.36, 213193946980303, 40),
    (2669, '2018-04-01 15:55:53', 18.67, 5570600642865857, 82),
    (1402, '2018-04-01 17:19:09', 10.81, 4644008655884311378, 123),
    (2419, '2018-04-01 19:06:02', 1.29, 3582198969197591, 54),
    (2564, '2018-04-01 19:59:57', 17.75, 4711773125020499, 83),
    (1930, '2018-04-01 20:08:33', 4.18, 4681896441519, 136),
    (2124, '2018-04-01 21:08:23', 2.62, 4319653513507, 82),
    (294, '2018-04-02 01:50:15', 7.08, 372414832802279, 138),
    (902, '2018-04-02 14:52:44', 11.24, 4539990688484983, 42),
    (2616, '2018-04-02 18:34:50', 17.15, 372414832802279, 80),
    (1806, '2018-04-02 22:19:53', 11.15, 4644008655884311378, 26),
    (386, '2018-04-03 01:38:27', 5.08, 4150721559116778, 8),
    (1359, '2018-04-03 03:23:37', 1077.0, 344119623920892, 100),
    (1314, '2018-04-04 00:47:59', 10.28, 3561954487988605, 38),
    (955, '2018-04-04 01:34:45', 10.29, 5361779664174555, 145),
    (518, '2018-04-04 06:41:06', 6.07, 30078299053512, 122),
    (1107, '2018-04-04 10:11:32', 10.56, 4150721559116778, 102),
    (2466, '2018-04-04 12:57:15', 16.61, 4723783028106084756, 53),
    (2471, '2018-04-05 01:29:17', 16.22, 4743204091443101526, 124),
    (592, '2018-04-05 02:07:01', 2.04, 3582198969197591, 4),
    (2529, '2018-04-05 04:38:57', 13.83, 6011987562414062, 57),
    (3195, '2018-04-05 06:19:44', 17.54, 376027549341849, 134),
    (460, '2018-04-05 12:46:25', 5.53, 4268491956169254, 128),
    (2624, '2018-04-05 19:52:03', 14.39, 30181963913340, 93),
    (1604, '2018-04-05 22:50:44', 11.37, 180098539019105, 92),
    (3228, '2018-04-06 00:53:35', 15.8, 4268491956169254, 26),
    (2225, '2018-04-06 02:30:41', 1.44, 4263694062533017, 72),
    (2689, '2018-04-06 02:42:53', 13.57, 5135837688671496, 60),
    (629, '2018-04-06 13:03:31', 1.43, 3561954487988605, 118),
    (2042, '2018-04-06 13:45:51', 1.59, 584226564303, 141),
    (3495, '2018-04-06 14:08:53', 2.94, 4743204091443101526, 80),
    (861, '2018-04-06 16:57:28', 1.02, 180098539019105, 50),
    (2809, '2018-04-06 17:25:52', 15.32, 4586962917519654607, 135),
    (2366, '2018-04-06 17:48:38', 1.78, 4188164051171486, 56),
    (2137, '2018-04-06 19:58:27', 4.44, 376027549341849, 34),
    (2771, '2018-04-07 04:37:00', 15.11, 5361779664174555, 142),
    (3053, '2018-04-07 07:18:20', 14.8, 5297187379298983, 23),
    (3412, '2018-04-07 08:18:17', 2.58, 503842928916, 120),
    (338, '2018-04-07 09:06:38', 3.22, 4681896441519, 124),
    (1389, '2018-04-07 09:36:01', 10.38, 4027907156459098, 99),
    (1964, '2018-04-07 14:02:37', 5.55, 30063281385429, 59),
    (1642, '2018-04-07 15:15:19', 10.8, 5135837688671496, 24),
    (2964, '2018-04-07 15:21:18', 17.64, 4279104135293225293, 65),
    (396, '2018-04-07 16:40:23', 6.5, 675911140852, 122),
    (1750, '2018-04-07 20:28:00', 10.92, 376027549341849, 20),
    (2243, '2018-04-08 04:28:30', 3.79, 5500708021555307, 71),
    (398, '2018-04-08 05:03:56', 7.18, 4279104135293225293, 50),
    (1341, '2018-04-08 06:03:50', 1063.0, 4319653513507, 16),
    (1251, '2018-04-08 07:06:20', 11.73, 3561954487988605, 83),
    (327, '2018-04-08 09:08:35', 4.34, 4279104135293225293, 71),
    (1662, '2018-04-08 09:46:08', 10.53, 5175947111814778, 65),
    (1508, '2018-04-08 11:31:27', 11.26, 675911140852, 108),
    (2129, '2018-04-08 14:37:51', 4.58, 5297187379298983, 105),
    (1944, '2018-04-08 16:34:54', 1.49, 3535651398328201, 109),
    (1113, '2018-04-08 18:03:55', 10.15, 372414832802279, 84),
    (1130, '2018-04-08 18:14:22', 10.06, 4319653513507, 96),
    (220, '2018-04-08 18:49:37', 8.07, 5361779664174555, 74),
    (3460, '2018-04-08 20:15:13', 1.21, 3561072557118696, 37),
    (2873, '2018-04-08 21:13:01', 16.24, 4711773125020499, 124),
    (1312, '2018-04-08 21:40:55', 10.14, 30063281385429, 26),
    (3184, '2018-04-09 02:20:29', 17.81, 4165305432349489280, 78),
    (1427, '2018-04-09 04:09:54', 10.01, 3535651398328201, 54),
    (3190, '2018-04-09 04:21:58', 16.43, 4723783028106084756, 107),
    (2675, '2018-04-09 06:41:33', 21.02, 5175947111814778, 50),
    (3020, '2018-04-09 07:08:11', 17.73, 4150721559116778, 61),
    (2320, '2018-04-09 08:30:25', 1.99, 4539990688484983, 124),
    (3423, '2018-04-09 10:24:32', 283.0, 4761049645711555811, 50),
    (600, '2018-04-09 10:33:41', 1.91, 30063281385429, 76),
    (2278, '2018-04-09 10:45:20', 3.65, 5361779664174555, 113),
    (329, '2018-04-09 18:28:25', 269.0, 4319653513507, 36),
    (2904, '2018-04-09 18:40:01', 17.76, 4279104135293225293, 116),
    (489, '2018-04-09 18:59:37', 8.31, 4743204091443101526, 14),
    (2201, '2018-04-09 19:04:52', 1.77, 5361779664174555, 9),
    (3329, '2018-04-09 20:12:09', 3.41, 180098539019105, 98),
    (940, '2018-04-09 21:08:59', 10.47, 30063281385429, 103),
    (1092, '2018-04-09 21:26:54', 11.24, 4644008655884311378, 77),
    (287, '2018-04-09 23:29:21', 5.54, 584226564303, 11),
    (1515, '2018-04-10 02:51:58', 10.71, 3517111172421930, 91),
    (408, '2018-04-10 06:08:01', 543.0, 3516952396080247, 63),
    (892, '2018-04-10 09:14:37', 10.32, 5297187379298983, 14),
    (3185, '2018-04-10 12:54:34', 15.81, 584226564303, 115),
    (1493, '2018-04-10 13:16:51', 10.3, 4761049645711555811, 134),
    (503, '2018-04-10 17:14:29', 7.33, 4268491956169254, 86),
    (894, '2018-04-10 17:25:44', 10.13, 4027907156459098, 67),
    (2317, '2018-04-10 17:32:28', 3.86, 30063281385429, 45),
    (2052, '2018-04-10 17:43:42', 1.5, 6500236164848279, 40),
    (1163, '2018-04-10 23:03:20', 10.24, 4319653513507, 101),
    (1400, '2018-04-11 00:35:22', 10.48, 4962915017023706562, 21),
    (764, '2018-04-11 02:50:37', 325.0, 30181963913340, 45),
    (1186, '2018-04-11 04:05:46', 12.35, 5135837688671496, 119),
    (3247, '2018-04-11 04:29:45', 20.13, 4268491956169254, 126),
    (2889, '2018-04-11 05:08:59', 19.28, 4159836738768855913, 145),
    (2816, '2018-04-11 08:26:52', 16.07, 5135837688671496, 34),
    (313, '2018-04-11 16:45:26', 4.28, 30063281385429, 10),
    (3330, '2018-04-11 18:29:01', 2.12, 4150721559116778, 88),
    (1880, '2018-04-12 01:35:50', 10.34, 3535651398328201, 143),
    (949, '2018-04-12 02:37:21', 11.94, 3581345943543942, 72),
    (44, '2018-04-12 04:55:40', 3.41, 3581345943543942, 149),
    (1778, '2018-04-12 05:30:15', 12.5, 5135837688671496, 22),
    (1511, '2018-04-12 08:33:16', 10.03, 4711773125020499, 106),
    (2157, '2018-04-12 09:44:09', 4.48, 180098539019105, 8),
    (1015, '2018-04-12 10:32:56', 10.68, 584226564303, 16),
    (954, '2018-04-12 12:09:52', 11.06, 180098539019105, 61),
    (3045, '2018-04-12 12:53:53', 17.39, 3517111172421930, 129),
    (3443, '2018-04-12 13:09:49', 1.7, 30181963913340, 43),
    (3140, '2018-04-12 14:25:31', 18.59, 503842928916, 73),
    (771, '2018-04-12 14:37:55', 1.52, 30063281385429, 8),
    (1896, '2018-04-12 15:36:02', 10.08, 4834483169177062, 21),
    (795, '2018-04-12 15:50:59', 2.84, 4711773125020499, 2),
    (919, '2018-04-13 00:49:59', 10.1, 4761049645711555811, 149),
    (635, '2018-04-13 04:50:37', 0.54, 5500708021555307, 150),
    (2084, '2018-04-13 05:39:17', 3.29, 503842928916, 133),
    (1950, '2018-04-13 07:00:05', 4.72, 4586962917519654607, 51),
    (1176, '2018-04-13 07:16:33', 10.78, 4279104135293225293, 112),
    (1589, '2018-04-13 09:39:25', 10.63, 4834483169177062, 75),
    (2346, '2018-04-13 09:49:49', 4.87, 4506405265172173, 50),
    (2181, '2018-04-13 09:52:26', 2.5, 3582198969197591, 83),
    (1136, '2018-04-13 10:39:30', 10.74, 4586962917519654607, 125),
    (2448, '2018-04-13 11:57:50', 4.36, 4027907156459098, 76),
    (2031, '2018-04-13 15:46:49', 3.16, 4743204091443101526, 111),
    (1220, '2018-04-13 17:07:40', 10.21, 4866761290278198714, 51),
    (2802, '2018-04-13 18:15:02', 19.6, 4279104135293225293, 85),
    (1678, '2018-04-13 18:28:50', 10.06, 213193946980303, 64),
    (330, '2018-04-13 19:49:42', 9.06, 503842928916, 59),
    (1169, '2018-04-14 00:20:00', 10.05, 4165305432349489280, 66),
    (2465, '2018-04-14 03:22:56', 13.25, 3535651398328201, 2),
    (3299, '2018-04-14 06:14:30', 19.12, 3535651398328201, 67),
    (1362, '2018-04-14 08:09:42', 10.82, 4263694062533017, 111),
    (2048, '2018-04-14 16:18:58', 5.16, 4188164051171486, 57),
    (3079, '2018-04-14 20:06:55', 14.92, 4681896441519, 53),
    (587, '2018-04-14 23:20:26', 2.11, 4276466390111, 59),
    (2625, '2018-04-15 01:52:20', 18.43, 3516952396080247, 120),
    (1088, '2018-04-15 07:45:25', 10.21, 4188164051171486, 59),
    (3316, '2018-04-15 08:32:38', 17.78, 501879657465, 85),
    (3353, '2018-04-15 09:50:16', 1.54, 30142966699187, 120),
    (177, '2018-04-15 10:19:29', 6.58, 5361779664174555, 69),
    (1337, '2018-04-15 12:00:10', 11.24, 6011987562414062, 94),
    (2169, '2018-04-15 13:10:04', 2.38, 4743204091443101526, 2),
    (756, '2018-04-15 19:22:30', 1.82, 4188164051171486, 11),
    (3086, '2018-04-15 21:21:13', 18.38, 4962915017023706562, 13),
    (2810, '2018-04-16 04:21:18', 14.62, 584226564303, 111),
    (2206, '2018-04-16 06:14:45', 5.34, 501809222273, 139),
    (2444, '2018-04-16 09:52:40', 4.54, 3535651398328201, 50),
    (3233, '2018-04-16 15:27:32', 14.49, 501879657465, 128),
    (3317, '2018-04-16 18:43:06', 17.85, 5175947111814778, 108),
    (693, '2018-04-16 19:44:12', 1.67, 180098539019105, 37),
    (1388, '2018-04-17 01:50:13', 10.26, 675911140852, 147),
    (3354, '2018-04-17 06:55:11', 2.48, 376027549341849, 93),
    (1418, '2018-04-17 09:56:17', 11.73, 503842928916, 100),
    (3037, '2018-04-17 12:29:43', 16.31, 213193946980303, 20),
    (573, '2018-04-17 12:30:48', 0.86, 5175947111814778, 49),
    (272, '2018-04-17 15:10:18', 4.34, 4159836738768855913, 48),
    (3312, '2018-04-17 18:28:48', 15.31, 6500236164848279, 150),
    (1801, '2018-04-17 21:18:22', 11.23, 30078299053512, 106),
    (1789, '2018-04-18 00:09:55', 10.56, 501879657465, 100),
    (2796, '2018-04-18 03:03:56', 15.2, 4027907156459098, 18),
    (3180, '2018-04-18 05:38:23', 18.82, 3581345943543942, 145),
    (811, '2018-04-18 06:51:00', 0.56, 5500708021555307, 50),
    (3471, '2018-04-18 09:21:42', 2.97, 4027907156459098, 50),
    (301, '2018-04-18 10:12:40', 7.39, 372414832802279, 122),
    (3131, '2018-04-18 13:50:55', 21.2, 344119623920892, 77),
    (3113, '2018-04-18 16:05:51', 20.53, 4276466390111, 62),
    (2041, '2018-04-18 17:21:27', 2.04, 3561954487988605, 51),
    (382, '2018-04-18 19:39:48', 5.69, 4165305432349489280, 105),
    (2687, '2018-04-18 21:26:08', 16.06, 4279104135293225293, 57),
    (2678, '2018-04-18 21:58:44', 17.51, 213193946980303, 70),
    (1827, '2018-04-18 23:23:29', 1086.0, 3516952396080247, 26),
    (200, '2018-04-18 23:51:39', 8.97, 4834483169177062, 150),
    (1669, '2018-04-19 04:43:56', 10.34, 501879657465, 144),
    (927, '2018-04-19 05:14:16', 10.31, 4866761290278198714, 68),
    (1212, '2018-04-19 07:48:36', 10.25, 4188164051171486, 16),
    (1425, '2018-04-19 08:09:45', 10.24, 4741042733274, 114),
    (2100, '2018-04-19 09:58:51', 1.58, 3561954487988605, 58),
    (2102, '2018-04-19 16:24:08', 5.32, 4761049645711555811, 70),
    (506, '2018-04-19 18:30:14', 6.01, 4319653513507, 85),
    (2871, '2018-04-19 19:29:30', 17.67, 4188164051171486, 72),
    (736, '2018-04-19 22:50:46', 1.92, 6011987562414062, 144),
    (1832, '2018-04-20 03:39:21', 12.13, 5361779664174555, 32),
    (2831, '2018-04-20 08:27:59', 15.04, 30142966699187, 33),
    (1990, '2018-04-20 10:37:04', 5.56, 4263694062533017, 83),
    (2786, '2018-04-20 11:29:47', 17.16, 5570600642865857, 39),
    (1963, '2018-04-20 15:08:18', 4.87, 3561954487988605, 148),
    (3043, '2018-04-20 17:02:27', 20.03, 372414832802279, 94),
    (2303, '2018-04-20 19:28:47', 1.15, 4741042733274, 114),
    (2158, '2018-04-21 03:24:49', 3.04, 30063281385429, 58),
    (128, '2018-04-21 04:12:27', 2.02, 4506405265172173, 45),
    (3199, '2018-04-21 04:25:38', 17.06, 4027907156459098, 76),
    (2612, '2018-04-21 04:54:43', 16.38, 4962915017023706562, 27),
    (3050, '2018-04-21 05:01:18', 14.95, 6011987562414062, 48),
    (2587, '2018-04-21 05:10:42', 16.91, 501809222273, 134),
    (1654, '2018-04-21 07:53:33', 10.11, 4586962917519654607, 91),
    (1044, '2018-04-21 10:32:39', 13.67, 3582198969197591, 131),
    (2927, '2018-04-21 14:46:45', 16.94, 5175947111814778, 39),
    (1828, '2018-04-21 15:12:25', 11.6, 180098539019105, 43),
    (2241, '2018-04-21 18:40:47', 525.0, 30142966699187, 134),
    (2509, '2018-04-21 18:48:54', 18.48, 6011987562414062, 148),
    (2710, '2018-04-21 19:41:51', 2108.0, 3581345943543942, 130),
    (2472, '2018-04-21 21:42:14', 18.68, 3517111172421930, 94),
    (1966, '2018-04-21 22:24:33', 2.88, 3561072557118696, 67),
    (1602, '2018-04-22 00:11:21', 11.2, 180098539019105, 80),
    (1661, '2018-04-22 00:19:53', 10.9, 4743204091443101526, 78),
    (1274, '2018-04-22 01:05:13', 10.2, 4188164051171486, 83),
    (176, '2018-04-22 03:07:06', 7.22, 4743204091443101526, 5),
    (1884, '2018-04-22 03:40:42', 11.1, 4723783028106084756, 95),
    (845, '2018-04-22 04:22:49', 1.81, 501809222273, 116),
    (405, '2018-04-22 07:19:40', 7.33, 5297187379298983, 135),
    (388, '2018-04-22 10:57:02', 4.32, 3582198969197591, 5),
    (39, '2018-04-22 17:06:49', 6.56, 584226564303, 119),
    (563, '2018-04-22 21:57:04', 2.18, 6500236164848279, 98),
    (1725, '2018-04-23 00:29:11', 10.25, 5500708021555307, 41),
    (59, '2018-04-23 05:48:46', 4.23, 4539990688484983, 123),
    (2854, '2018-04-23 08:18:49', 16.65, 4834483169177062, 62),
    (399, '2018-04-23 09:08:20', 2.75, 4761049645711555811, 147),
    (619, '2018-04-23 11:25:41', 2.0, 4027907156459098, 52),
    (2208, '2018-04-23 15:13:30', 2.88, 6500236164848279, 59),
    (1430, '2018-04-23 16:21:52', 10.77, 3561954487988605, 69),
    (311, '2018-04-23 17:47:09', 7.03, 5500708021555307, 79),
    (3393, '2018-04-23 23:02:43', 2.1, 4165305432349489280, 119),
    (363, '2018-04-24 01:46:19', 10.1, 4159836738768855913, 118),
    (1323, '2018-04-24 05:49:59', 10.09, 3582198969197591, 54),
    (1659, '2018-04-24 07:41:49', 14.3, 6500236164848279, 147),
    (1685, '2018-04-24 14:17:18', 12.76, 4188164051171486, 87),
    (436, '2018-04-24 14:18:57', 8.45, 4539990688484983, 13),
    (1090, '2018-04-24 15:25:34', 10.68, 5175947111814778, 14),
    (613, '2018-04-24 20:59:51', 2.9, 4263694062533017, 85),
    (2734, '2018-04-25 00:43:47', 16.83, 5297187379298983, 15),
    (1599, '2018-04-25 01:43:30', 10.16, 501879657465, 123),
    (3030, '2018-04-25 02:23:56', 17.91, 4711773125020499, 46),
    (2489, '2018-04-25 05:22:58', 15.76, 3582198969197591, 87),
    (512, '2018-04-25 20:58:55', 6.97, 5135837688671496, 67),
    (1594, '2018-04-25 21:24:08', 11.61, 4962915017023706562, 93),
    (709, '2018-04-26 02:16:45', 2.79, 372414832802279, 135),
    (1815, '2018-04-26 13:51:16', 10.58, 4834483169177062, 72),
    (1306, '2018-04-26 16:05:13', 10.15, 503842928916, 111),
    (486, '2018-04-26 16:23:39', 6.34, 4165305432349489280, 91),
    (3454, '2018-04-26 17:06:50', 2.9, 4159836738768855913, 77),
    (1580, '2018-04-26 19:49:31', 10.02, 4319653513507, 33),
    (137, '2018-04-26 21:24:12', 3.69, 6011987562414062, 105),
    (2113, '2018-04-26 22:04:05', 2.51, 501809222273, 82),
    (3308, '2018-04-26 23:09:51', 15.66, 372414832802279, 80),
    (1627, '2018-04-27 02:29:20', 11.24, 4027907156459098, 121),
    (2363, '2018-04-27 04:14:41', 4.51, 4268491956169254, 44),
    (3290, '2018-04-27 05:53:14', 17.9, 6011987562414062, 92),
    (1781, '2018-04-27 06:37:00', 12.42, 3561954487988605, 126),
    (3303, '2018-04-27 08:08:38', 13.52, 3561072557118696, 86),
    (2199, '2018-04-27 10:34:44', 4.69, 180098539019105, 116),
    (161, '2018-04-27 11:45:01', 5.4, 4834483169177062, 63),
    (189, '2018-04-27 11:58:36', 6.33, 4834483169177062, 103),
    (3084, '2018-04-27 12:22:04', 16.78, 4586962917519654607, 108),
    (1404, '2018-04-27 15:56:22', 10.26, 4586962917519654607, 112),
    (2331, '2018-04-27 16:09:47', 1.42, 5297187379298983, 35),
    (832, '2018-04-27 17:08:12', 0.86, 584226564303, 54),
    (3441, '2018-04-27 18:19:37', 1.97, 501809222273, 77),
    (1541, '2018-04-27 23:08:04', 11.0, 4159836738768855913, 11),
    (2107, '2018-04-28 04:04:22', 3.03, 5135837688671496, 131),
    (3386, '2018-04-28 05:27:01', 3.41, 4741042733274, 81),
    (2367, '2018-04-28 11:12:01', 2.78, 4506405265172173, 118),
    (2902, '2018-04-28 16:38:16', 16.72, 5175947111814778, 83),
    (1143, '2018-04-28 18:57:03', 10.7, 6500236164848279, 124),
    (513, '2018-04-28 23:48:24', 8.18, 30063281385429, 110),
    (1854, '2018-04-29 00:31:13', 11.72, 4962915017023706562, 63),
    (3056, '2018-04-29 02:41:44', 16.5, 372414832802279, 37),
    (3462, '2018-04-29 08:03:32', 1.72, 4743204091443101526, 132),
    (779, '2018-04-29 08:15:40', 1.11, 3516952396080247, 141),
    (2751, '2018-04-29 11:02:53', 16.55, 3561954487988605, 89),
    (2711, '2018-04-29 16:09:29', 20.17, 501879657465, 85),
    (662, '2018-04-29 18:35:27', 0.7, 675911140852, 75),
    (717, '2018-04-29 21:59:49', 2.45, 4586962917519654607, 147),
    (1614, '2018-04-29 22:39:24', 11.47, 4723783028106084756, 102),
    (2674, '2018-04-30 02:53:59', 15.84, 3516952396080247, 71),
    (2931, '2018-04-30 04:28:52', 20.97, 376027549341849, 80),
    (1830, '2018-04-30 06:05:58', 10.1, 4834483169177062, 90),
    (1227, '2018-04-30 07:29:14', 10.51, 584226564303, 27),
    (975, '2018-04-30 09:27:01', 10.39, 180098539019105, 38),
    (2817, '2018-04-30 14:09:06', 22.12, 4498002758300, 30),
    (3307, '2018-04-30 16:34:36', 14.62, 213193946980303, 148),
    (1, '2018-04-30 18:50:48', 5.62, 3517111172421930, 42),
    (2733, '2018-04-30 21:53:18', 18.04, 4539990688484983, 72),
    (467, '2018-04-30 22:13:11', 7.14, 3581345943543942, 145),
    (1284, '2018-05-01 00:32:03', 10.63, 4743204091443101526, 102),
    (2905, '2018-05-01 01:32:51', 15.89, 4644008655884311378, 7),
    (407, '2018-05-01 03:20:55', 4.79, 3535651398328201, 119),
    (1874, '2018-05-01 07:40:00', 12.98, 6500236164848279, 136),
    (726, '2018-05-01 10:24:38', 3.08, 4188164051171486, 37),
    (2992, '2018-05-01 15:00:25', 16.41, 30063281385429, 101),
    (2301, '2018-05-01 15:51:18', 5.34, 3516952396080247, 124),
    (2769, '2018-05-01 16:59:18', 20.0, 4962915017023706562, 133),
    (181, '2018-05-01 19:42:46', 6.55, 4866761290278198714, 72),
    (3171, '2018-05-01 21:53:42', 13.11, 4834483169177062, 19),
    (525, '2018-05-01 22:47:13', 5.71, 4741042733274, 116),
    (3027, '2018-05-01 23:37:55', 15.61, 3582198969197591, 147),
    (1853, '2018-05-02 02:25:56', 10.18, 5175947111814778, 75),
    (1542, '2018-05-02 03:19:43', 10.31, 5500708021555307, 125),
    (307, '2018-05-02 09:38:58', 3.83, 4743204091443101526, 98),
    (48, '2018-05-02 09:41:45', 6.35, 180098539019105, 75),
    (3231, '2018-05-02 10:15:27', 12.81, 4586962917519654607, 9),
    (2788, '2018-05-02 17:48:23', 14.17, 5297187379298983, 58),
    (3172, '2018-05-02 18:43:30', 17.84, 4159836738768855913, 68),
    (215, '2018-05-02 21:42:47', 3.49, 30142966699187, 6),
    (1705, '2018-05-02 22:38:44', 10.41, 3535651398328201, 12),
    (442, '2018-05-03 01:07:53', 4.85, 4711773125020499, 144),
    (3253, '2018-05-03 01:47:38', 18.16, 30142966699187, 113),
    (1887, '2018-05-03 04:42:33', 11.52, 503842928916, 138),
    (3040, '2018-05-03 07:20:28', 16.64, 584226564303, 66),
    (599, '2018-05-03 09:11:10', 2.59, 3516952396080247, 21),
    (2924, '2018-05-03 14:42:32', 19.55, 5361779664174555, 17),
    (906, '2018-05-03 17:07:49', 10.41, 4741042733274, 26),
    (873, '2018-05-04 04:55:31', 2.33, 30063281385429, 51),
    (3258, '2018-05-04 05:44:40', 16.88, 5135837688671496, 110),
    (887, '2018-05-04 08:21:59', 11.65, 4027907156459098, 16),
    (652, '2018-05-04 08:33:40', 3.25, 180098539019105, 106),
    (1846, '2018-05-04 09:45:24', 10.75, 376027549341849, 27),
    (115, '2018-05-04 13:52:58', 6.82, 4279104135293225293, 2),
    (2285, '2018-05-04 15:55:59', 3.08, 4188164051171486, 150),
    (281, '2018-05-05 02:22:09', 5.2, 4539990688484983, 87),
    (1822, '2018-05-05 09:06:25', 10.84, 4276466390111, 130),
    (986, '2018-05-05 09:42:53', 10.35, 5135837688671496, 48),
    (1577, '2018-05-05 17:04:49', 10.27, 6011987562414062, 102),
    (67, '2018-05-05 17:49:05', 8.42, 3517111172421930, 75),
    (1504, '2018-05-05 19:41:13', 10.6, 30181963913340, 19),
    (2400, '2018-05-05 20:49:39', 5.87, 503842928916, 84),
    (233, '2018-05-05 20:57:19', 7.11, 213193946980303, 83),
    (348, '2018-05-05 22:48:05', 4.88, 4539990688484983, 52),
    (2362, '2018-05-05 23:31:16', 1.12, 4506405265172173, 34),
    (1472, '2018-05-06 00:05:30', 12.11, 4866761290278198714, 37),
    (2762, '2018-05-06 01:55:32', 19.12, 4263694062533017, 119),
    (2369, '2018-05-06 04:38:27', 1.1, 372414832802279, 104),
    (80, '2018-05-06 06:43:52', 10.78, 30142966699187, 12),
    (1612, '2018-05-06 09:56:48', 10.3, 5361779664174555, 17),
    (3486, '2018-05-06 10:34:04', 1.5, 4159836738768855913, 74),
    (1475, '2018-05-06 10:59:23', 11.42, 4834483169177062, 43),
    (1837, '2018-05-06 11:59:53', 10.72, 5361779664174555, 33),
    (1500, '2018-05-06 14:01:43', 10.91, 675911140852, 79),
    (1548, '2018-05-06 14:21:52', 11.02, 4165305432349489280, 104),
    (2284, '2018-05-06 17:28:44', 1.83, 3517111172421930, 70),
    (2501, '2018-05-06 18:56:59', 15.43, 3516952396080247, 105),
    (134, '2018-05-07 01:17:09', 5.07, 4159836738768855913, 81),
    (618, '2018-05-07 03:36:06', 1.13, 4150721559116778, 7),
    (3493, '2018-05-07 04:51:43', 1.99, 4539990688484983, 100),
    (1262, '2018-05-07 12:45:13', 10.66, 4268491956169254, 84),
    (544, '2018-05-07 17:02:03', 3.5, 4268491956169254, 143),
    (254, '2018-05-07 18:53:22', 9.23, 3516952396080247, 119),
    (2312, '2018-05-07 20:38:11', 1.66, 5135837688671496, 29),
    (2586, '2018-05-07 21:23:42', 17.0, 4027907156459098, 2),
    (3219, '2018-05-08 00:22:19', 15.72, 4263694062533017, 66),
    (175, '2018-05-08 03:15:34', 10.16, 4263694062533017, 129),
    (1770, '2018-05-08 06:25:02', 11.46, 501879657465, 108),
    (3064, '2018-05-08 13:21:01', 1901.0, 30142966699187, 108),
    (3149, '2018-05-08 15:05:29', 16.55, 4644008655884311378, 124),
    (3311, '2018-05-08 18:24:23', 17.68, 5297187379298983, 82),
    (3327, '2018-05-08 18:52:12', 1.95, 3516952396080247, 87),
    (1900, '2018-05-08 23:52:24', 10.52, 501809222273, 118),
    (146, '2018-05-09 01:22:49', 6.41, 4962915017023706562, 120),
    (3191, '2018-05-09 06:19:01', 17.7, 4962915017023706562, 100),
    (990, '2018-05-09 09:34:14', 10.48, 3561954487988605, 68),
    (64, '2018-05-09 12:11:58', 7.87, 376027549341849, 120),
    (1621, '2018-05-09 13:24:07', 10.79, 5361779664174555, 150),
    (411, '2018-05-09 14:14:05', 4.6, 180098539019105, 7),
    (40, '2018-05-09 15:20:49', 4.09, 180098539019105, 1),
    (1878, '2018-05-09 17:46:32', 10.95, 3517111172421930, 25),
    (2154, '2018-05-09 20:17:58', 3.0, 213193946980303, 14),
    (1060, '2018-05-09 22:27:35', 11.13, 5297187379298983, 73),
    (3275, '2018-05-09 23:54:29', 16.09, 180098539019105, 81),
    (259, '2018-05-09 23:57:11', 7.6, 5175947111814778, 67),
    (831, '2018-05-10 00:19:48', 3.42, 675911140852, 47),
    (792, '2018-05-10 05:22:41', 1.93, 4644008655884311378, 69),
    (791, '2018-05-10 08:27:32', 2.4, 4165305432349489280, 72),
    (1256, '2018-05-10 21:52:06', 12.03, 501809222273, 106),
    (2074, '2018-05-10 22:07:04', 3.99, 180098539019105, 8),
    (1925, '2018-05-10 22:11:26', 11.07, 30181963913340, 77),
    (3315, '2018-05-11 02:40:43', 15.43, 501879657465, 108),
    (1305, '2018-05-11 03:05:18', 11.1, 30078299053512, 43),
    (1097, '2018-05-11 06:10:23', 10.61, 4834483169177062, 14),
    (2311, '2018-05-11 06:13:46', 1.81, 344119623920892, 60),
    (2765, '2018-05-11 12:43:50', 20.56, 4586962917519654607, 90),
    (2125, '2018-05-11 16:02:17', 2.43, 4188164051171486, 110),
    (2641, '2018-05-11 16:43:32', 13.31, 4711773125020499, 125),
    (1647, '2018-05-11 21:10:46', 11.24, 584226564303, 57),
    (2666, '2018-05-11 23:17:44', 16.7, 4498002758300, 113),
    (1151, '2018-05-12 00:26:44', 12.39, 6011987562414062, 13),
    (3388, '2018-05-12 08:42:43', 2.24, 3516952396080247, 4),
    (1812, '2018-05-12 10:05:20', 10.45, 30181963913340, 81),
    (2353, '2018-05-12 12:03:59', 2.13, 5135837688671496, 74),
    (182, '2018-05-12 14:24:18', 5.16, 4027907156459098, 113),
    (3192, '2018-05-12 14:28:04', 18.9, 4866761290278198714, 104),
    (324, '2018-05-12 15:19:40', 7.64, 4276466390111, 134),
    (3464, '2018-05-12 16:10:59', 1.56, 584226564303, 56),
    (775, '2018-05-12 18:51:09', 3.9, 3535651398328201, 105),
    (2371, '2018-05-12 19:16:28', 4.1, 4723783028106084756, 54),
    (834, '2018-05-12 19:53:37', 3.31, 4866761290278198714, 93),
    (2605, '2018-05-12 20:04:36', 19.07, 5361779664174555, 51),
    (412, '2018-05-12 23:15:13', 6.87, 4165305432349489280, 56),
    (1845, '2018-05-13 06:16:39', 10.04, 4761049645711555811, 138),
    (1377, '2018-05-13 06:31:20', 1046.0, 4319653513507, 48),
    (385, '2018-05-13 14:03:03', 7.5, 30063281385429, 97),
    (376, '2018-05-13 14:38:44', 7.41, 3517111172421930, 149),
    (462, '2018-05-13 18:13:07', 5.21, 4165305432349489280, 58),
    (1240, '2018-05-13 19:54:49', 10.28, 5297187379298983, 18),
    (3232, '2018-05-14 03:38:11', 17.4, 6011987562414062, 60),
    (2110, '2018-05-14 06:57:04', 4.66, 3516952396080247, 103),
    (2606, '2018-05-14 06:59:17', 15.78, 30181963913340, 58),
    (3378, '2018-05-14 07:06:07', 1.46, 501879657465, 114),
    (109, '2018-05-14 08:19:34', 6.06, 3582198969197591, 108),
    (3369, '2018-05-14 13:12:30', 2.22, 5135837688671496, 29),
    (2962, '2018-05-14 17:10:21', 17.36, 4188164051171486, 1),
    (1089, '2018-05-14 18:41:36', 10.29, 501809222273, 109),
    (3304, '2018-05-14 19:11:59', 15.7, 3561072557118696, 81),
    (1196, '2018-05-14 19:56:42', 10.69, 4743204091443101526, 99),
    (2813, '2018-05-14 20:33:47', 17.88, 3535651398328201, 107),
    (634, '2018-05-14 23:34:39', 1.99, 4498002758300, 25),
    (2061, '2018-05-15 00:21:47', 3.34, 5135837688671496, 30),
    (1468, '2018-05-15 00:30:56', 10.23, 4539990688484983, 123),
    (36, '2018-05-15 01:30:29', 2.5, 4279104135293225293, 104),
    (2093, '2018-05-15 01:45:07', 2.2, 6500236164848279, 7),
    (257, '2018-05-15 03:13:42', 5.65, 4711773125020499, 61),
    (2406, '2018-05-15 07:25:18', 4.96, 213193946980303, 80),
    (3211, '2018-05-15 12:29:55', 15.38, 6500236164848279, 113),
    (697, '2018-05-15 12:53:26', 1.35, 4276466390111, 76),
    (1583, '2018-05-15 16:58:48', 10.1, 4586962917519654607, 34),
    (2848, '2018-05-15 18:10:02', 17.42, 4723783028106084756, 73),
    (1859, '2018-05-15 20:11:53', 10.94, 3581345943543942, 87),
    (904, '2018-05-15 23:59:46', 10.08, 501809222273, 72),
    (1653, '2018-05-16 01:25:03', 11.24, 3535651398328201, 35),
    (1392, '2018-05-16 01:31:39', 11.96, 180098539019105, 76),
    (2207, '2018-05-16 02:22:20', 4.85, 4711773125020499, 73),
    (1075, '2018-05-16 06:27:08', 11.61, 4644008655884311378, 68),
    (439, '2018-05-16 08:50:23', 5.55, 30078299053512, 36),
    (3164, '2018-05-16 10:59:21', 17.97, 4741042733274, 114),
    (2160, '2018-05-16 14:11:15', 4.26, 4276466390111, 88),
    (971, '2018-05-16 15:26:19', 10.12, 4027907156459098, 150),
    (1099, '2018-05-16 23:51:00', 10.72, 4834483169177062, 64),
    (3170, '2018-05-17 01:12:18', 15.91, 4027907156459098, 32),
    (2773, '2018-05-17 02:10:21', 16.21, 5570600642865857, 121),
    (673, '2018-05-17 07:39:47', 2.43, 6011987562414062, 29),
    (2055, '2018-05-17 10:39:18', 2.18, 4834483169177062, 120),
    (3422, '2018-05-17 11:48:04', 2.34, 4159836738768855913, 59),
    (3301, '2018-05-17 12:47:41', 15.95, 4962915017023706562, 77),
    (3174, '2018-05-17 21:32:51', 12.15, 4319653513507, 110),
    (2437, '2018-05-17 21:52:02', 4.64, 4498002758300, 42),
    (1180, '2018-05-18 02:10:49', 11.94, 5361779664174555, 83),
    (1681, '2018-05-18 06:43:35', 11.07, 6011987562414062, 150),
    (1948, '2018-05-18 07:21:45', 2.24, 3535651398328201, 105),
    (1241, '2018-05-18 11:03:12', 10.38, 376027549341849, 46),
    (2974, '2018-05-18 13:51:43', 18.56, 4741042733274, 31),
    (21, '2018-05-18 17:35:05', 5.32, 4188164051171486, 43),
    (2078, '2018-05-18 20:03:40', 2.39, 4150721559116778, 36),
    (1906, '2018-05-18 20:07:30', 10.43, 503842928916, 65),
    (2601, '2018-05-18 20:36:31', 20.07, 30078299053512, 106),
    (2485, '2018-05-18 23:47:57', 18.7, 4761049645711555811, 130),
    (704, '2018-05-19 06:26:07', 2.53, 180098539019105, 25),
    (3417, '2018-05-19 07:14:56', 3.22, 4498002758300, 2),
    (3342, '2018-05-19 09:12:20', 2.27, 4319653513507, 17),
    (3482, '2018-05-19 13:41:11', 1.27, 3516952396080247, 138),
    (3377, '2018-05-19 19:33:38', 160.0, 3516952396080247, 24),
    (3294, '2018-05-20 02:29:57', 15.92, 4586962917519654607, 69),
    (158, '2018-05-20 02:36:14', 7.05, 180098539019105, 40),
    (2063, '2018-05-20 03:26:55', 1.42, 3516952396080247, 54),
    (2996, '2018-05-20 07:05:42', 15.37, 30142966699187, 120),
    (2805, '2018-05-20 08:36:46', 17.48, 4159836738768855913, 47),
    (684, '2018-05-20 09:22:21', 1.29, 584226564303, 8),
    (2221, '2018-05-20 09:33:41', 1.9, 5135837688671496, 118),
    (1756, '2018-05-20 14:03:44', 10.38, 4644008655884311378, 103),
    (106, '2018-05-20 22:49:48', 6.37, 4723783028106084756, 9),
    (1793, '2018-05-20 23:41:19', 10.89, 4743204091443101526, 60),
    (82, '2018-05-21 00:08:36', 6.5, 30181963913340, 39),
    (1506, '2018-05-21 02:47:49', 11.24, 4150721559116778, 78),
    (153, '2018-05-21 09:19:58', 4.57, 3517111172421930, 12),
    (3355, '2018-05-21 09:36:20', 1.53, 4723783028106084756, 91),
    (1007, '2018-05-21 15:31:15', 10.35, 4263694062533017, 32),
    (1104, '2018-05-21 17:01:27', 12.35, 501809222273, 113),
    (1455, '2018-05-21 17:36:30', 11.05, 4586962917519654607, 60),
    (252, '2018-05-21 20:28:15', 6.24, 376027549341849, 122),
    (2191, '2018-05-21 21:01:42', 4.0, 4150721559116778, 32),
    (2611, '2018-05-21 23:34:36', 19.1, 4165305432349489280, 125),
    (3092, '2018-05-22 02:33:36', 14.89, 3535651398328201, 33),
    (90, '2018-05-22 02:59:35', 4.01, 4150721559116778, 116),
    (1894, '2018-05-22 03:17:25', 10.45, 3581345943543942, 77),
    (1588, '2018-05-22 07:44:08', 10.93, 5297187379298983, 63),
    (732, '2018-05-22 08:44:45', 3.24, 4165305432349489280, 24),
    (1053, '2018-05-22 08:49:19', 10.24, 4027907156459098, 51),
    (2729, '2018-05-22 10:23:30', 16.85, 4276466390111, 116),
    (3341, '2018-05-22 12:15:52', 1.18, 4962915017023706562, 133),
    (2033, '2018-05-22 20:25:39', 3.4, 4165305432349489280, 114),
    (646, '2018-05-22 22:06:57', 2.0, 4586962917519654607, 148),
    (3345, '2018-05-22 22:34:52', 1.19, 4866761290278198714, 48),
    (1696, '2018-05-22 23:06:58', 10.37, 4743204091443101526, 35),
    (465, '2018-05-23 00:02:49', 3.92, 376027549341849, 90),
    (3442, '2018-05-23 01:01:25', 2.05, 503842928916, 110),
    (4, '2018-05-23 04:27:45', 6.73, 4165305432349489280, 17),
    (1224, '2018-05-23 09:27:09', 10.34, 4263694062533017, 26),
    (3116, '2018-05-23 14:58:23', 20.7, 4027907156459098, 61),
    (192, '2018-05-23 17:33:21', 5.16, 3535651398328201, 91),
    (1637, '2018-05-23 18:55:59', 12.06, 4188164051171486, 109),
    (685, '2018-05-24 00:04:43', 2.09, 4539990688484983, 107),
    (800, '2018-05-24 00:29:49', 0.82, 4743204091443101526, 108),
    (698, '2018-05-24 13:48:45', 2.01, 4539990688484983, 34),
    (877, '2018-05-24 17:23:52', 10.26, 4263694062533017, 86),
    (2951, '2018-05-24 17:38:38', 17.59, 4268491956169254, 69),
    (1852, '2018-05-24 17:58:18', 10.3, 5500708021555307, 34),
    (2608, '2018-05-24 18:15:52', 19.26, 3561072557118696, 137),
    (2440, '2018-05-24 20:39:06', 1.76, 675911140852, 87),
    (2379, '2018-05-24 21:30:02', 3.16, 503842928916, 33),
    (672, '2018-05-25 05:01:40', 2.0, 4834483169177062, 53),
    (2269, '2018-05-25 09:52:03', 3.08, 4761049645711555811, 84),
    (1554, '2018-05-25 10:47:52', 10.64, 5570600642865857, 84),
    (216, '2018-05-25 14:06:01', 9.76, 4741042733274, 27),
    (74, '2018-05-25 17:58:16', 8.09, 4834483169177062, 70),
    (1498, '2018-05-25 18:21:38', 10.78, 180098539019105, 42),
    (2143, '2018-05-25 19:07:43', 3.98, 4276466390111, 71),
    (343, '2018-05-25 19:13:02', 4.26, 3561072557118696, 25),
    (2939, '2018-05-25 19:51:00', 14.67, 503842928916, 9),
    (2477, '2018-05-26 00:34:37', 19.22, 4498002758300, 106),
    (769, '2018-05-26 00:47:38', 3.11, 4027907156459098, 34),
    (2560, '2018-05-26 01:24:56', 19.52, 4723783028106084756, 122),
    (1592, '2018-05-26 04:25:51', 10.35, 4498002758300, 123),
    (2373, '2018-05-26 06:13:53', 1.54, 5135837688671496, 62),
    (1926, '2018-05-26 08:08:43', 4.28, 376027549341849, 36),
    (886, '2018-05-26 11:10:22', 11.69, 4150721559116778, 150),
    (2423, '2018-05-26 13:54:24', 2.94, 5135837688671496, 21),
    (1559, '2018-05-26 20:39:31', 10.92, 180098539019105, 146),
    (1824, '2018-05-27 02:19:05', 10.11, 4498002758300, 66),
    (1058, '2018-05-27 03:19:51', 11.35, 4586962917519654607, 49),
    (2339, '2018-05-27 04:53:22', 2.4, 4159836738768855913, 55),
    (874, '2018-05-27 05:34:33', 2.76, 3517111172421930, 99),
    (2167, '2018-05-27 06:05:32', 5.15, 4268491956169254, 70),
    (2455, '2018-05-27 11:55:49', 16.19, 4644008655884311378, 47),
    (3419, '2018-05-27 16:46:41', 2.32, 4263694062533017, 35),
    (188, '2018-05-27 20:28:59', 2.26, 213193946980303, 14),
    (2166, '2018-05-27 22:32:03', 4.53, 344119623920892, 147),
    (1422, '2018-05-28 01:02:07', 10.14, 4268491956169254, 72),
    (2360, '2018-05-28 01:18:23', 5.97, 4150721559116778, 12),
    (2561, '2018-05-28 02:38:55', 17.87, 4962915017023706562, 84),
    (3182, '2018-05-28 07:57:39', 15.96, 675911140852, 128),
    (1031, '2018-05-28 11:07:30', 11.04, 4268491956169254, 39),
    (2089, '2018-05-28 11:32:33', 1.81, 4268491956169254, 47),
    (688, '2018-05-28 14:46:28', 1.53, 213193946980303, 91),
    (1572, '2018-05-28 16:04:01', 11.58, 3535651398328201, 137),
    (781, '2018-05-28 17:30:04', 1.77, 4498002758300, 145),
    (1857, '2018-05-28 20:03:57', 10.83, 4711773125020499, 107),
    (1534, '2018-05-28 22:56:24', 10.55, 4962915017023706562, 109),
    (1197, '2018-05-29 02:29:18', 10.25, 4268491956169254, 90),
    (1757, '2018-05-29 02:55:08', 1203.0, 5570600642865857, 62),
    (2983, '2018-05-29 05:52:48', 16.98, 5135837688671496, 47),
    (98, '2018-05-29 09:59:51', 7.16, 584226564303, 79),
    (3392, '2018-05-29 12:24:49', 2.68, 4279104135293225293, 44),
    (2202, '2018-05-29 14:29:47', 4.54, 3517111172421930, 64),
    (2198, '2018-05-29 14:34:36', 5.97, 372414832802279, 70),
    (2772, '2018-05-29 19:36:09', 15.97, 4539990688484983, 94),
    (3320, '2018-05-29 20:07:48', 16.57, 4150721559116778, 28),
    (2145, '2018-05-30 03:46:55', 3.15, 6500236164848279, 17),
    (799, '2018-05-30 04:27:13', 2.18, 4159836738768855913, 42),
    (782, '2018-05-30 08:27:41', 0.59, 4027907156459098, 49),
    (1491, '2018-05-30 08:53:40', 10.28, 4165305432349489280, 32),
    (3352, '2018-05-30 12:34:04', 245.00000000000003, 30181963913340, 105),
    (349, '2018-05-30 13:56:39', 4.61, 4279104135293225293, 72),
    (2957, '2018-05-30 15:16:37', 17.64, 4681896441519, 16),
    (1673, '2018-05-30 15:33:08', 11.72, 4188164051171486, 108),
    (2302, '2018-05-30 18:26:44', 2.5, 4027907156459098, 105),
    (844, '2018-05-30 23:18:19', 0.99, 4741042733274, 107),
    (2518, '2018-05-30 23:38:52', 14.43, 344119623920892, 87),
    (2685, '2018-05-31 00:19:32', 18.19, 5297187379298983, 22),
    (2162, '2018-05-31 04:38:30', 5.33, 6011987562414062, 7),
    (740, '2018-05-31 09:07:36', 0.83, 3582198969197591, 3),
    (3446, '2018-05-31 14:08:40', 1.51, 4834483169177062, 96),
    (471, '2018-05-31 15:00:56', 3.81, 30078299053512, 78),
    (801, '2018-05-31 23:07:18', 3.56, 4268491956169254, 90),
    (1746, '2018-06-01 02:44:11', 10.2, 3561072557118696, 83),
    (370, '2018-06-01 02:46:32', 9.21, 4159836738768855913, 64),
    (2986, '2018-06-01 04:45:39', 15.9, 5361779664174555, 102),
    (1033, '2018-06-01 06:25:18', 13.03, 675911140852, 130),
    (1025, '2018-06-01 06:51:38', 12.91, 4539990688484983, 78),
    (2538, '2018-06-01 08:56:59', 19.33, 180098539019105, 79),
    (1600, '2018-06-01 09:09:17', 10.87, 3561954487988605, 50),
    (1988, '2018-06-01 10:25:22', 1.92, 4159836738768855913, 41),
    (2753, '2018-06-01 11:31:13', 14.24, 675911140852, 49),
    (15, '2018-06-01 13:35:17', 4.48, 4723783028106084756, 122),
    (1214, '2018-06-01 21:19:42', 10.47, 4741042733274, 125),
    (296, '2018-06-01 23:39:57', 6.07, 376027549341849, 35),
    (1811, '2018-06-02 07:02:24', 10.15, 4962915017023706562, 138),
    (3240, '2018-06-02 07:44:39', 17.47, 3535651398328201, 56),
    (2756, '2018-06-02 07:45:48', 18.76, 4150721559116778, 86),
    (1873, '2018-06-02 09:10:25', 10.61, 4586962917519654607, 71),
    (3014, '2018-06-02 09:56:49', 16.08, 3516952396080247, 15),
    (1443, '2018-06-02 13:53:44', 10.94, 6500236164848279, 103),
    (3179, '2018-06-02 19:39:36', 15.95, 4866761290278198714, 120),
    (1254, '2018-06-02 21:41:12', 10.29, 4498002758300, 22),
    (2280, '2018-06-02 22:22:43', 4.23, 501809222273, 14),
    (303, '2018-06-02 22:52:51', 3.66, 3581345943543942, 87),
    (3414, '2018-06-03 01:52:20', 3.26, 376027549341849, 41),
    (2262, '2018-06-03 05:19:37', 2.28, 4276466390111, 69),
    (95, '2018-06-03 11:50:01', 4.12, 213193946980303, 21),
    (856, '2018-06-03 12:48:39', 3.4, 584226564303, 93),
    (3201, '2018-06-03 12:49:27', 19.46, 5500708021555307, 114),
    (3328, '2018-06-03 14:23:46', 2.06, 3581345943543942, 135),
    (3018, '2018-06-03 20:00:29', 15.35, 4743204091443101526, 123),
    (3139, '2018-06-03 20:02:28', 1814.0, 344119623920892, 123),
    (2901, '2018-06-03 21:59:03', 19.11, 376027549341849, 132),
    (1790, '2018-06-04 03:46:15', 1162.0, 4319653513507, 96),
    (97, '2018-06-04 04:43:00', 8.14, 4276466390111, 70),
    (616, '2018-06-04 05:37:55', 1.45, 3582198969197591, 140),
    (568, '2018-06-04 05:49:41', 2.4, 30063281385429, 84),
    (155, '2018-06-04 06:08:44', 3.61, 344119623920892, 54),
    (47, '2018-06-04 06:16:17', 9.1, 4962915017023706562, 42),
    (2539, '2018-06-04 08:30:28', 19.49, 584226564303, 63),
    (2604, '2018-06-04 16:11:24', 19.9, 3561954487988605, 55),
    (2313, '2018-06-04 17:48:07', 1.89, 584226564303, 129),
    (2588, '2018-06-04 18:57:18', 15.25, 4539990688484983, 33),
    (1250, '2018-06-04 21:20:04', 11.58, 213193946980303, 91),
    (1601, '2018-06-04 21:37:01', 10.78, 584226564303, 7),
    (1229, '2018-06-04 23:20:20', 11.35, 584226564303, 111),
    (2804, '2018-06-05 04:15:21', 16.47, 3517111172421930, 58),
    (217, '2018-06-05 08:19:20', 4.6, 3561954487988605, 17),
    (3142, '2018-06-05 10:44:32', 16.56, 3561954487988605, 41),
    (2481, '2018-06-05 11:13:42', 16.96, 675911140852, 150),
    (2968, '2018-06-05 14:48:51', 15.35, 3582198969197591, 77),
    (2071, '2018-06-05 18:00:15', 5.39, 4743204091443101526, 19),
    (428, '2018-06-05 21:11:44', 3.51, 376027549341849, 12),
    (1288, '2018-06-05 22:33:38', 10.36, 344119623920892, 14),
    (1244, '2018-06-06 00:21:51', 10.48, 180098539019105, 113),
    (1973, '2018-06-06 01:24:00', 3.37, 180098539019105, 130),
    (3415, '2018-06-06 01:24:02', 3.31, 5175947111814778, 81),
    (1596, '2018-06-06 06:52:48', 10.65, 30078299053512, 137),
    (2365, '2018-06-06 12:36:03', 1.53, 3561954487988605, 141),
    (2359, '2018-06-06 18:06:41', 3.68, 4741042733274, 103),
    (1538, '2018-06-06 18:54:28', 10.65, 675911140852, 7),
    (1667, '2018-06-06 20:05:19', 11.05, 4027907156459098, 37),
    (2210, '2018-06-06 20:39:18', 1.88, 3516952396080247, 49),
    (3115, '2018-06-06 21:40:03', 14.81, 5175947111814778, 15),
    (224, '2018-06-06 21:50:17', 749.0, 4319653513507, 36),
    (2724, '2018-06-06 23:08:51', 18.11, 3535651398328201, 24),
    (715, '2018-06-07 01:29:48', 3.13, 5175947111814778, 142),
    (1742, '2018-06-07 02:50:10', 12.69, 30078299053512, 62),
    (2224, '2018-06-07 07:07:22', 1.62, 3561072557118696, 114),
    (2276, '2018-06-07 08:00:15', 4.14, 503842928916, 11),
    (3360, '2018-06-07 08:58:28', 1.41, 4506405265172173, 90),
    (2105, '2018-06-07 17:23:15', 4.78, 4506405265172173, 108),
    (1277, '2018-06-07 19:19:09', 11.42, 4761049645711555811, 77),
    (1428, '2018-06-07 19:41:40', 10.69, 4319653513507, 78),
    (1987, '2018-06-07 22:14:56', 1.99, 3535651398328201, 107),
    (2080, '2018-06-07 23:47:11', 2.23, 4586962917519654607, 70),
    (2808, '2018-06-08 01:11:33', 13.9, 5500708021555307, 20),
    (2152, '2018-06-08 01:43:17', 3.72, 4644008655884311378, 11),
    (2552, '2018-06-08 02:31:16', 14.93, 5570600642865857, 101),
    (113, '2018-06-08 05:37:42', 9.29, 376027549341849, 4),
    (443, '2018-06-08 06:17:33', 7.79, 4539990688484983, 97),
    (1423, '2018-06-08 07:25:30', 11.88, 372414832802279, 20),
    (2673, '2018-06-08 07:31:57', 17.03, 4268491956169254, 122),
    (2249, '2018-06-08 12:38:42', 5.93, 4159836738768855913, 7),
    (816, '2018-06-08 13:48:44', 1.98, 3517111172421930, 97),
    (2993, '2018-06-08 15:21:31', 17.8, 5570600642865857, 48),
    (1158, '2018-06-08 18:48:26', 11.04, 4723783028106084756, 69),
    (2722, '2018-06-09 02:00:55', 16.42, 30063281385429, 142),
    (1910, '2018-06-09 02:21:22', 10.7, 5570600642865857, 127),
    (2723, '2018-06-09 07:29:28', 18.82, 4188164051171486, 65),
    (2322, '2018-06-09 08:28:23', 4.54, 3535651398328201, 85),
    (3227, '2018-06-09 16:11:48', 19.22, 3561954487988605, 12),
    (3202, '2018-06-09 16:31:09', 18.7, 4834483169177062, 27),
    (1868, '2018-06-09 20:17:45', 10.07, 6011987562414062, 135),
    (3080, '2018-06-09 22:02:23', 18.89, 3561954487988605, 50),
    (3437, '2018-06-09 23:50:42', 1.03, 4319653513507, 141),
    (2024, '2018-06-10 01:43:24', 3.61, 4165305432349489280, 123),
    (2527, '2018-06-10 01:56:33', 16.26, 344119623920892, 68),
    (1351, '2018-06-10 03:32:37', 11.15, 4263694062533017, 107),
    (2195, '2018-06-10 04:34:46', 1.25, 6500236164848279, 78),
    (2403, '2018-06-10 04:37:38', 3.32, 4711773125020499, 21),
    (3143, '2018-06-10 04:54:27', 1795.0, 30181963913340, 45),
    (2717, '2018-06-10 07:55:27', 16.16, 4498002758300, 10),
    (2988, '2018-06-10 08:20:40', 15.05, 5135837688671496, 127),
    (841, '2018-06-10 11:53:11', 2.71, 4962915017023706562, 102),
    (2316, '2018-06-10 12:31:03', 2.31, 4644008655884311378, 88),
    (901, '2018-06-10 15:58:32', 11.6, 6500236164848279, 77),
    (308, '2018-06-11 13:38:52', 4.37, 3581345943543942, 7),
    (595, '2018-06-11 15:02:40', 1.72, 4586962917519654607, 5),
    (2937, '2018-06-11 18:09:01', 13.95, 4027907156459098, 42),
    (3206, '2018-06-11 19:43:32', 15.67, 5297187379298983, 78),
    (2600, '2018-06-11 20:36:52', 15.74, 3581345943543942, 120),
    (1893, '2018-06-12 02:08:24', 10.15, 4319653513507, 64),
    (1096, '2018-06-12 06:31:56', 11.01, 372414832802279, 58),
    (1674, '2018-06-12 07:21:43', 10.53, 4539990688484983, 114),
    (928, '2018-06-12 10:25:37', 10.78, 4681896441519, 135),
    (12, '2018-06-12 13:46:23', 6.69, 4165305432349489280, 79),
    (1496, '2018-06-12 13:58:37', 10.88, 4711773125020499, 16),
    (1579, '2018-06-12 16:28:30', 10.45, 4539990688484983, 39),
    (1106, '2018-06-12 16:33:10', 10.29, 4159836738768855913, 99),
    (2163, '2018-06-12 21:59:42', 2.46, 6500236164848279, 19),
    (574, '2018-06-12 23:23:02', 1.69, 30063281385429, 52),
    (2872, '2018-06-13 02:02:03', 16.4, 3581345943543942, 111),
    (713, '2018-06-13 05:34:22', 0.67, 344119623920892, 48),
    (2955, '2018-06-13 08:46:29', 17.56, 4279104135293225293, 102),
    (68, '2018-06-13 10:25:37', 3.67, 5500708021555307, 11),
    (3069, '2018-06-13 21:43:58', 18.95, 4188164051171486, 125),
    (2398, '2018-06-13 22:16:28', 3.35, 4268491956169254, 26),
    (1319, '2018-06-13 22:18:45', 10.33, 213193946980303, 35),
    (116, '2018-06-14 02:24:54', 7.52, 213193946980303, 78),
    (1264, '2018-06-14 02:45:19', 10.2, 3561072557118696, 39),
    (1644, '2018-06-14 06:41:52', 10.18, 5135837688671496, 70),
    (2092, '2018-06-14 11:31:49', 1.06, 3561954487988605, 59),
    (431, '2018-06-14 11:45:43', 5.13, 4866761290278198714, 141),
    (2979, '2018-06-14 12:17:21', 16.29, 4319653513507, 106),
    (3450, '2018-06-14 16:14:00', 2.58, 4586962917519654607, 97),
    (1955, '2018-06-14 16:57:50', 1.55, 376027549341849, 14),
    (1485, '2018-06-14 18:37:55', 10.03, 584226564303, 21),
    (776, '2018-06-14 20:55:12', 2.37, 4644008655884311378, 59),
    (2579, '2018-06-14 22:59:23', 14.98, 4723783028106084756, 11),
    (1073, '2018-06-15 02:47:51', 11.78, 344119623920892, 62),
    (2713, '2018-06-15 03:28:11', 19.28, 503842928916, 25),
    (1059, '2018-06-15 03:28:52', 10.47, 344119623920892, 116),
    (3372, '2018-06-15 05:46:52', 3.19, 3535651398328201, 56),
    (2583, '2018-06-15 09:16:06', 12.64, 4866761290278198714, 56),
    (151, '2018-06-15 11:57:33', 8.34, 4962915017023706562, 31),
    (244, '2018-06-15 14:55:55', 3.69, 6500236164848279, 112),
    (2898, '2018-06-15 16:47:37', 20.81, 6500236164848279, 110),
    (3108, '2018-06-15 19:45:25', 17.34, 4761049645711555811, 147),
    (2114, '2018-06-15 21:15:39', 5.52, 3517111172421930, 87),
    (1707, '2018-06-16 00:05:33', 10.09, 4834483169177062, 131),
    (3476, '2018-06-16 00:32:55', 2.72, 6500236164848279, 13),
    (1345, '2018-06-16 07:02:51', 10.56, 6500236164848279, 137),
    (1649, '2018-06-16 11:51:34', 12.9, 376027549341849, 61),
    (1289, '2018-06-16 14:43:42', 11.5, 5135837688671496, 144),
    (249, '2018-06-17 02:45:49', 691.0, 30181963913340, 70),
    (2064, '2018-06-17 02:53:24', 2.19, 5570600642865857, 138),
    (2281, '2018-06-17 06:52:33', 1.89, 4962915017023706562, 98),
    (1718, '2018-06-17 10:00:50', 11.21, 3582198969197591, 141),
    (2156, '2018-06-17 11:02:07', 1.26, 4188164051171486, 37),
    (499, '2018-06-17 12:59:50', 3.85, 213193946980303, 10),
    (1191, '2018-06-17 15:59:45', 1103.0, 5570600642865857, 23),
    (1383, '2018-06-17 20:19:45', 12.18, 6500236164848279, 22),
    (706, '2018-06-17 20:46:19', 2.76, 5500708021555307, 147),
    (862, '2018-06-17 23:32:10', 3.21, 5175947111814778, 38),
    (2261, '2018-06-18 01:03:02', 5.01, 4644008655884311378, 88),
    (2431, '2018-06-18 03:08:05', 4.79, 4962915017023706562, 25),
    (477, '2018-06-18 08:04:04', 6.23, 4539990688484983, 84),
    (1553, '2018-06-18 12:54:25', 10.11, 4962915017023706562, 40),
    (3458, '2018-06-18 14:11:39', 1.42, 501809222273, 140),
    (761, '2018-06-18 15:54:33', 1.43, 376027549341849, 59),
    (1609, '2018-06-18 17:20:55', 10.42, 4539990688484983, 91),
    (3474, '2018-06-18 19:37:57', 1.67, 675911140852, 100),
    (2218, '2018-06-18 19:59:18', 3.26, 4962915017023706562, 88),
    (422, '2018-06-18 22:40:49', 6.45, 3516952396080247, 18),
    (528, '2018-06-18 23:05:30', 258.0, 30142966699187, 72),
    (2614, '2018-06-19 02:45:45', 17.25, 4866761290278198714, 107),
    (768, '2018-06-19 02:55:51', 3.88, 5361779664174555, 76),
    (3269, '2018-06-19 03:16:03', 15.38, 3561072557118696, 113),
    (1942, '2018-06-19 04:17:12', 3.01, 4743204091443101526, 128),
    (3230, '2018-06-19 07:16:54', 15.98, 372414832802279, 47),
    (2171, '2018-06-19 08:34:09', 1.46, 503842928916, 125),
    (2414, '2018-06-19 08:36:08', 4.03, 4834483169177062, 32),
    (1399, '2018-06-19 10:03:08', 10.88, 4723783028106084756, 102),
    (2259, '2018-06-19 14:23:09', 1.19, 4681896441519, 6),
    (31, '2018-06-19 16:01:53', 3.26, 5175947111814778, 78),
    (3272, '2018-06-19 21:04:32', 14.58, 503842928916, 66),
    (3239, '2018-06-20 01:05:02', 16.32, 4834483169177062, 119),
    (1098, '2018-06-20 03:11:40', 11.03, 3535651398328201, 61),
    (2522, '2018-06-20 09:58:49', 17.88, 5297187379298983, 21),
    (978, '2018-06-20 12:30:04', 12.47, 5297187379298983, 61),
    (1751, '2018-06-20 12:53:30', 11.98, 30142966699187, 11),
    (1132, '2018-06-20 16:52:08', 12.56, 30181963913340, 51),
    (1343, '2018-06-21 02:23:25', 11.05, 180098539019105, 5),
    (1181, '2018-06-21 10:44:19', 10.31, 4150721559116778, 9),
    (2310, '2018-06-21 12:19:53', 1.96, 344119623920892, 145),
    (1622, '2018-06-21 13:16:25', 1102.0, 501879657465, 128),
    (1122, '2018-06-21 13:21:32', 13.61, 5570600642865857, 31),
    (2372, '2018-06-21 14:24:52', 4.13, 376027549341849, 10),
    (1100, '2018-06-21 19:30:04', 10.15, 4962915017023706562, 30),
    (3051, '2018-06-21 22:11:26', 20.65, 4150721559116778, 42),
    (3034, '2018-06-21 22:14:48', 17.51, 5175947111814778, 111),
    (300, '2018-06-21 23:51:42', 6.8, 4263694062533017, 92),
    (1021, '2018-06-22 00:30:34', 10.84, 4741042733274, 77),
    (293, '2018-06-22 02:14:30', 2.82, 5361779664174555, 123),
    (2396, '2018-06-22 03:55:03', 5.14, 4962915017023706562, 140),
    (2430, '2018-06-22 04:44:31', 3.95, 4188164051171486, 75),
    (2582, '2018-06-22 06:16:50', 1813.0, 4319653513507, 40),
    (1826, '2018-06-22 07:42:33', 10.16, 376027549341849, 33),
    (712, '2018-06-22 07:42:35', 2.88, 4723783028106084756, 10),
    (2283, '2018-06-22 11:53:25', 1.29, 3517111172421930, 77),
    (980, '2018-06-22 15:20:50', 10.04, 501879657465, 150),
    (2725, '2018-06-22 16:08:31', 14.45, 4498002758300, 149),
    (120, '2018-06-22 16:17:03', 7.12, 584226564303, 36),
    (1736, '2018-06-22 20:36:47', 10.27, 3561954487988605, 39),
    (3245, '2018-06-22 22:49:17', 17.73, 344119623920892, 74),
    (2032, '2018-06-23 00:39:19', 2.12, 30063281385429, 143),
    (2131, '2018-06-23 06:24:28', 5.57, 501809222273, 140),
    (3194, '2018-06-23 06:43:47', 19.67, 4586962917519654607, 26),
    (2484, '2018-06-23 07:12:06', 18.56, 4834483169177062, 64),
    (1321, '2018-06-23 09:15:53', 11.11, 584226564303, 37),
    (3367, '2018-06-23 09:17:31', 2.38, 4276466390111, 78),
    (1101, '2018-06-23 10:06:49', 11.79, 376027549341849, 5),
    (245, '2018-06-23 17:02:48', 5.88, 4743204091443101526, 27),
    (649, '2018-06-23 19:20:30', 1.84, 4276466390111, 143),
    (2736, '2018-06-23 20:40:33', 13.6, 4498002758300, 107),
    (3218, '2018-06-23 22:36:00', 16.61, 4319653513507, 144),
    (2374, '2018-06-24 06:44:44', 2.36, 30078299053512, 88),
    (2833, '2018-06-24 07:28:48', 18.6, 5175947111814778, 44),
    (3152, '2018-06-24 11:37:34', 16.99, 501879657465, 134),
    (1268, '2018-06-24 15:26:41', 10.69, 4263694062533017, 41),
    (358, '2018-06-24 15:48:23', 4.88, 4498002758300, 3),
    (2468, '2018-06-24 20:23:10', 17.37, 5175947111814778, 111),
    (1391, '2018-06-24 21:50:36', 11.12, 5361779664174555, 53),
    (2, '2018-06-24 22:54:41', 4.96, 4866761290278198714, 61),
    (3141, '2018-06-25 05:30:04', 14.54, 6011987562414062, 16),
    (1564, '2018-06-25 06:51:36', 11.72, 584226564303, 60),
    (319, '2018-06-25 07:07:38', 3.09, 6500236164848279, 133),
    (1523, '2018-06-25 09:17:05', 11.53, 372414832802279, 77),
    (3099, '2018-06-25 10:37:55', 14.45, 3581345943543942, 107),
    (2903, '2018-06-25 13:11:04', 18.34, 4539990688484983, 14),
    (2569, '2018-06-25 16:31:00', 17.9, 6011987562414062, 13),
    (548, '2018-06-25 16:44:43', 2.06, 4268491956169254, 100),
    (2676, '2018-06-25 20:22:53', 15.25, 5500708021555307, 130),
    (69, '2018-06-25 20:51:03', 7.29, 501879657465, 11),
    (3293, '2018-06-25 20:59:49', 16.1, 501879657465, 38),
    (645, '2018-06-26 06:14:45', 1.36, 4644008655884311378, 12),
    (2447, '2018-06-26 06:58:24', 2.64, 4268491956169254, 67),
    (2467, '2018-06-26 08:00:22', 15.94, 503842928916, 141),
    (1606, '2018-06-26 09:10:08', 10.2, 6011987562414062, 84),
    (3246, '2018-06-26 17:36:06', 17.44, 3535651398328201, 102),
    (648, '2018-06-26 18:26:50', 1.04, 3516952396080247, 13),
    (3318, '2018-06-27 01:27:09', 1592.0, 501879657465, 136),
    (2483, '2018-06-27 04:52:17', 17.03, 4279104135293225293, 53),
    (297, '2018-06-27 08:22:41', 6.68, 5175947111814778, 150),
    (2474, '2018-06-27 12:40:31', 14.9, 584226564303, 2),
    (2264, '2018-06-27 14:33:06', 5.24, 372414832802279, 26),
    (498, '2018-06-27 14:34:10', 2.69, 503842928916, 67),
    (2075, '2018-06-27 15:32:18', 4.71, 3581345943543942, 75),
    (813, '2018-06-27 16:38:34', 2.87, 4268491956169254, 114),
    (169, '2018-06-27 22:41:22', 9.84, 30078299053512, 129),
    (1694, '2018-06-28 11:26:38', 10.73, 4962915017023706562, 30),
    (2391, '2018-06-28 12:21:59', 5.41, 4681896441519, 33),
    (612, '2018-06-28 13:11:26', 1.37, 4539990688484983, 131),
    (2997, '2018-06-28 15:12:24', 14.58, 4681896441519, 75),
    (2357, '2018-06-28 16:02:50', 3.81, 5135837688671496, 5),
    (3017, '2018-06-28 16:13:41', 16.04, 4741042733274, 101),
    (1226, '2018-06-28 20:29:05', 10.85, 6011987562414062, 88),
    (1129, '2018-06-28 21:13:52', 1108.0, 501879657465, 35),
    (1664, '2018-06-28 22:02:06', 10.16, 5297187379298983, 2),
    (979, '2018-06-29 04:03:32', 10.06, 213193946980303, 129),
    (2165, '2018-06-29 04:54:10', 4.4, 4027907156459098, 12),
    (2783, '2018-06-29 06:24:23', 16.3, 6500236164848279, 51),
    (1008, '2018-06-29 10:43:39', 10.98, 5135837688671496, 137),
    (2726, '2018-06-29 10:46:59', 14.5, 4644008655884311378, 22),
    (414, '2018-06-29 15:35:05', 7.99, 4644008655884311378, 70),
    (773, '2018-06-29 17:07:30', 2.79, 4027907156459098, 146),
    (1876, '2018-06-29 17:52:10', 10.19, 4165305432349489280, 108),
    (2693, '2018-06-29 19:04:47', 15.53, 3535651398328201, 73),
    (2506, '2018-06-29 20:43:14', 17.56, 4681896441519, 118),
    (100, '2018-06-29 21:52:03', 8.55, 5500708021555307, 103),
    (1610, '2018-06-29 22:15:16', 10.49, 4586962917519654607, 66),
    (3251, '2018-06-29 23:08:45', 13.99, 4723783028106084756, 32),
    (260, '2018-06-30 01:02:09', 6.65, 584226564303, 86),
    (140, '2018-06-30 01:30:29', 3.24, 30063281385429, 106),
    (1004, '2018-06-30 01:51:18', 10.31, 4506405265172173, 14),
    (654, '2018-06-30 01:56:19', 121.0, 344119623920892, 20),
    (2228, '2018-06-30 02:40:02', 4.54, 4276466390111, 104),
    (671, '2018-06-30 03:05:55', 2.27, 372414832802279, 87),
    (584, '2018-06-30 03:45:10', 3.21, 3516952396080247, 111),
    (410, '2018-06-30 08:01:12', 6.4, 584226564303, 12),
    (519, '2018-06-30 10:51:32', 2.09, 4539990688484983, 26),
    (2824, '2018-06-30 13:21:38', 16.83, 30181963913340, 99),
    (468, '2018-06-30 15:38:27', 4.59, 584226564303, 26),
    (920, '2018-06-30 16:39:18', 11.15, 4743204091443101526, 137),
    (1625, '2018-06-30 19:22:37', 11.2, 4165305432349489280, 126),
    (2443, '2018-06-30 23:06:28', 4.32, 3581345943543942, 122),
    (481, '2018-07-01 02:44:33', 9.22, 4498002758300, 143),
    (1675, '2018-07-01 03:34:39', 10.09, 4866761290278198714, 44),
    (1907, '2018-07-01 04:06:59', 10.24, 3535651398328201, 19),
    (2893, '2018-07-01 04:31:37', 17.11, 30063281385429, 23),
    (1412, '2018-07-01 05:32:15', 10.46, 4761049645711555811, 24),
    (491, '2018-07-01 12:44:14', 3.64, 4506405265172173, 91),
    (2794, '2018-07-01 14:33:10', 20.5, 4159836738768855913, 111),
    (853, '2018-07-01 20:25:48', 1.03, 4027907156459098, 19),
    (286, '2018-07-01 20:26:50', 4.42, 584226564303, 72),
    (2915, '2018-07-01 21:53:10', 18.09, 4498002758300, 38),
    (1915, '2018-07-01 23:06:28', 10.26, 4866761290278198714, 94),
    (53, '2018-07-01 23:42:49', 7.52, 4539990688484983, 95),
    (828, '2018-07-02 04:53:58', 0.7, 584226564303, 103),
    (2168, '2018-07-02 08:25:29', 5.5, 5297187379298983, 127),
    (3066, '2018-07-02 14:48:10', 14.71, 4263694062533017, 28),
    (1278, '2018-07-02 17:57:42', 10.75, 4263694062533017, 3),
    (1641, '2018-07-02 18:09:39', 11.15, 501809222273, 129),
    (3439, '2018-07-02 21:40:21', 2.14, 4723783028106084756, 37),
    (1170, '2018-07-03 01:23:51', 10.75, 3535651398328201, 3),
    (2738, '2018-07-03 10:54:16', 19.86, 4723783028106084756, 54),
    (3137, '2018-07-03 12:54:47', 18.54, 4165305432349489280, 132),
    (3046, '2018-07-03 14:08:49', 15.96, 4027907156459098, 20),
    (3225, '2018-07-03 14:56:36', 1398.0, 3581345943543942, 8),
    (1737, '2018-07-03 18:27:28', 11.08, 344119623920892, 45),
    (1965, '2018-07-03 21:30:30', 4.78, 675911140852, 113),
    (2422, '2018-07-03 21:31:10', 1.27, 5297187379298983, 116),
    (1003, '2018-07-04 00:58:01', 11.07, 4165305432349489280, 136),
    (2703, '2018-07-04 08:51:29', 18.93, 213193946980303, 26),
    (56, '2018-07-04 10:44:21', 4.08, 5500708021555307, 100),
    (1236, '2018-07-04 11:19:27', 10.58, 4586962917519654607, 77),
    (2732, '2018-07-04 12:08:02', 15.32, 5361779664174555, 36),
    (606, '2018-07-04 17:28:06', 89.0, 5570600642865857, 112),
    (1253, '2018-07-04 19:25:28', 11.42, 5570600642865857, 144),
    (448, '2018-07-04 19:48:36', 7.37, 4539990688484983, 122),
    (2271, '2018-07-05 00:07:24', 2.03, 4319653513507, 64),
    (20, '2018-07-05 01:36:32', 5.15, 4319653513507, 27),
    (393, '2018-07-05 04:10:49', 4.14, 4159836738768855913, 33),
    (1381, '2018-07-05 10:42:56', 12.71, 3561954487988605, 40),
    (2864, '2018-07-05 11:56:03', 16.13, 30142966699187, 3),
    (1697, '2018-07-05 13:07:21', 11.84, 30181963913340, 60),
    (2513, '2018-07-05 13:12:45', 15.03, 4834483169177062, 21),
    (2754, '2018-07-05 15:03:26', 19.2, 5135837688671496, 64),
    (1980, '2018-07-05 16:01:34', 3.92, 4711773125020499, 50),
    (2268, '2018-07-05 17:19:48', 3.43, 4866761290278198714, 141),
    (2263, '2018-07-05 17:38:50', 2.37, 5297187379298983, 43),
    (238, '2018-07-05 18:44:40', 3.68, 30063281385429, 91),
    (1017, '2018-07-05 19:03:52', 11.29, 4743204091443101526, 69),
    (196, '2018-07-05 20:28:22', 5.59, 501809222273, 83),
    (983, '2018-07-05 23:24:49', 10.55, 501879657465, 134),
    (2204, '2018-07-06 01:07:32', 4.72, 4276466390111, 32),
    (1561, '2018-07-06 01:08:49', 11.74, 4586962917519654607, 52),
    (2576, '2018-07-06 03:02:41', 16.99, 675911140852, 16),
    (2134, '2018-07-06 06:07:05', 3.65, 372414832802279, 123),
    (577, '2018-07-06 06:09:32', 1.48, 4741042733274, 145),
    (2001, '2018-07-06 10:25:47', 1.8, 4962915017023706562, 75),
    (440, '2018-07-06 13:10:48', 9.84, 4644008655884311378, 77),
    (3298, '2018-07-06 13:19:04', 18.84, 5135837688671496, 13),
    (2959, '2018-07-06 15:58:24', 17.63, 5135837688671496, 63),
    (560, '2018-07-06 16:12:08', 117.0, 344119623920892, 62),
    (93, '2018-07-06 16:16:33', 8.74, 4263694062533017, 66),
    (2923, '2018-07-06 21:14:42', 15.84, 3516952396080247, 119),
    (1162, '2018-07-06 21:27:32', 11.67, 3561072557118696, 84),
    (3073, '2018-07-06 22:04:51', 18.29, 501879657465, 99),
    (614, '2018-07-07 00:11:44', 2.75, 4498002758300, 126),
    (2017, '2018-07-07 00:40:49', 1.76, 4741042733274, 12),
    (1283, '2018-07-07 04:47:36', 10.6, 501879657465, 84),
    (3101, '2018-07-07 13:13:54', 18.56, 584226564303, 121),
    (351, '2018-07-07 14:55:25', 7.41, 675911140852, 98),
    (2010, '2018-07-07 17:26:40', 1.89, 503842928916, 30),
    (965, '2018-07-07 17:29:33', 10.54, 4586962917519654607, 106),
    (3161, '2018-07-07 21:48:04', 20.6, 3561072557118696, 29),
    (961, '2018-07-07 21:50:49', 11.62, 4279104135293225293, 125),
    (716, '2018-07-08 01:35:40', 3.03, 5175947111814778, 66),
    (2421, '2018-07-08 02:51:05', 1.08, 584226564303, 93),
    (3435, '2018-07-08 04:01:24', 1.24, 4498002758300, 4),
    (669, '2018-07-08 04:14:18', 0.86, 4723783028106084756, 144),
    (459, '2018-07-08 05:26:15', 4.06, 4741042733274, 66),
    (2656, '2018-07-08 05:45:07', 16.66, 5135837688671496, 41),
    (1476, '2018-07-08 12:07:59', 10.45, 5135837688671496, 14),
    (579, '2018-07-08 14:04:49', 1.75, 3561072557118696, 144),
    (3103, '2018-07-08 14:11:48', 17.16, 4539990688484983, 6),
    (794, '2018-07-08 14:50:38', 3.13, 675911140852, 23),
    (360, '2018-07-08 20:35:25', 5.21, 4027907156459098, 128),
    (2341, '2018-07-08 23:55:17', 2.73, 5500708021555307, 63),
    (3484, '2018-07-08 23:57:41', 2.44, 4165305432349489280, 104),
    (946, '2018-07-09 00:36:36', 11.06, 5297187379298983, 139),
    (2272, '2018-07-09 01:47:54', 4.46, 4027907156459098, 93),
    (1085, '2018-07-09 02:30:45', 12.04, 30063281385429, 118),
    (2354, '2018-07-09 02:42:08', 3.17, 30142966699187, 42),
    (2566, '2018-07-09 05:40:37', 13.59, 4834483169177062, 89),
    (742, '2018-07-09 06:17:12', 1.46, 3582198969197591, 15),
    (25, '2018-07-09 07:58:15', 3.59, 3581345943543942, 99),
    (2067, '2018-07-09 11:52:10', 1.4, 4761049645711555811, 47),
    (2153, '2018-07-09 13:22:33', 4.0, 4741042733274, 80),
    (470, '2018-07-10 01:28:54', 4.11, 6011987562414062, 86),
    (711, '2018-07-10 05:18:58', 3.64, 4263694062533017, 88),
    (1820, '2018-07-10 08:29:26', 10.23, 30181963913340, 36),
    (186, '2018-07-10 12:31:36', 8.74, 5500708021555307, 96),
    (1034, '2018-07-10 12:33:53', 10.01, 3535651398328201, 35),
    (1539, '2018-07-10 13:06:13', 11.13, 4539990688484983, 44),
    (896, '2018-07-10 17:57:00', 10.46, 5500708021555307, 118),
    (1512, '2018-07-10 18:23:29', 10.36, 4150721559116778, 108),
    (1152, '2018-07-10 21:47:22', 10.39, 501879657465, 134),
    (1562, '2018-07-10 22:55:53', 11.96, 501879657465, 110),
    (705, '2018-07-11 04:08:57', 3.17, 3582198969197591, 22),
    (2812, '2018-07-11 04:10:27', 16.81, 30142966699187, 74),
    (1327, '2018-07-11 05:48:12', 10.1, 3582198969197591, 5),
    (3382, '2018-07-11 05:51:55', 2.22, 3535651398328201, 59),
    (184, '2018-07-11 06:19:04', 8.4, 3581345943543942, 33),
    (2511, '2018-07-11 09:57:31', 14.8, 4279104135293225293, 58),
    (3322, '2018-07-11 11:48:06', 16.37, 503842928916, 150),
    (2038, '2018-07-11 15:16:18', 4.8, 3582198969197591, 50),
    (1334, '2018-07-11 16:55:22', 1159.0, 30078299053512, 107),
    (1497, '2018-07-11 17:02:45', 10.86, 4268491956169254, 142),
    (32, '2018-07-11 18:10:21', 4.75, 3535651398328201, 9),
    (2426, '2018-07-11 18:13:21', 3.01, 4506405265172173, 83),
    (2829, '2018-07-11 19:50:03', 18.4, 4150721559116778, 79),
    (2305, '2018-07-11 21:03:30', 1.67, 4319653513507, 44),
    (1478, '2018-07-12 01:40:29', 11.75, 3561954487988605, 2),
    (1432, '2018-07-12 03:45:51', 10.71, 3582198969197591, 127),
    (2429, '2018-07-12 04:16:21', 3.69, 5500708021555307, 74),
    (1872, '2018-07-12 15:46:25', 13.75, 4962915017023706562, 88),
    (3075, '2018-07-12 15:54:29', 15.91, 3561072557118696, 42),
    (2135, '2018-07-12 17:52:47', 4.34, 4165305432349489280, 131),
    (908, '2018-07-12 17:57:57', 10.83, 4498002758300, 136),
    (1563, '2018-07-12 18:38:55', 10.66, 3535651398328201, 12),
    (935, '2018-07-12 23:07:57', 10.17, 4743204091443101526, 103),
    (2200, '2018-07-13 00:08:09', 1.96, 5297187379298983, 31),
    (879, '2018-07-13 06:03:59', 10.48, 4743204091443101526, 46),
    (872, '2018-07-13 06:19:18', 1.56, 372414832802279, 3),
    (1128, '2018-07-13 10:50:58', 11.29, 180098539019105, 90),
    (2651, '2018-07-13 11:20:31', 17.83, 4644008655884311378, 9),
    (2514, '2018-07-13 11:33:37', 17.33, 4159836738768855913, 134),
    (1529, '2018-07-13 15:58:15', 10.03, 4263694062533017, 33),
    (1787, '2018-07-13 16:44:22', 11.95, 6011987562414062, 97),
    (690, '2018-07-13 19:47:49', 267.0, 30181963913340, 5),
    (1574, '2018-07-14 01:12:46', 10.16, 4723783028106084756, 35),
    (1888, '2018-07-14 01:13:20', 12.4, 3581345943543942, 101),
    (1639, '2018-07-14 02:08:24', 10.18, 6500236164848279, 102),
    (1349, '2018-07-14 06:09:18', 1160.0, 30078299053512, 136),
    (3489, '2018-07-14 06:58:03', 3.47, 4188164051171486, 122),
    (1590, '2018-07-14 10:14:36', 10.01, 30142966699187, 148),
    (2599, '2018-07-14 16:02:08', 15.89, 4276466390111, 141),
    (2252, '2018-07-14 16:11:10', 3.07, 4159836738768855913, 81),
    (558, '2018-07-14 17:44:09', 0.53, 4506405265172173, 81),
    (534, '2018-07-14 19:07:59', 1.14, 4279104135293225293, 74),
    (2288, '2018-07-14 19:46:53', 1.37, 4539990688484983, 63),
    (1595, '2018-07-14 22:06:36', 10.68, 4962915017023706562, 47),
    (454, '2018-07-14 23:03:22', 4.0, 4159836738768855913, 15),
    (359, '2018-07-15 01:35:49', 3.23, 4506405265172173, 41),
    (1526, '2018-07-15 04:50:22', 10.13, 3535651398328201, 137),
    (131, '2018-07-15 07:33:37', 9.89, 6500236164848279, 68),
    (963, '2018-07-15 08:56:47', 10.21, 5297187379298983, 147),
    (2920, '2018-07-15 10:25:41', 18.7, 4268491956169254, 24),
    (1514, '2018-07-15 17:44:38', 10.45, 4962915017023706562, 80),
    (2266, '2018-07-15 18:24:54', 4.39, 4586962917519654607, 64),
    (2845, '2018-07-15 20:39:22', 19.2, 5297187379298983, 22),
    (2659, '2018-07-15 22:07:27', 15.51, 5135837688671496, 83),
    (484, '2018-07-16 05:15:09', 3.77, 4159836738768855913, 18),
    (3213, '2018-07-16 05:28:13', 17.91, 5500708021555307, 127),
    (3416, '2018-07-16 07:21:20', 1.27, 30063281385429, 5),
    (419, '2018-07-16 09:01:08', 6.34, 4586962917519654607, 135),
    (1257, '2018-07-16 09:15:17', 10.94, 5500708021555307, 35),
    (2858, '2018-07-16 09:25:54', 14.78, 5175947111814778, 72),
    (1352, '2018-07-16 19:27:07', 11.5, 3561072557118696, 57),
    (323, '2018-07-16 20:11:30', 3.26, 30181963913340, 140),
    (2668, '2018-07-17 04:19:38', 21.5, 4263694062533017, 101),
    (2950, '2018-07-17 05:35:26', 14.74, 503842928916, 134),
    (1187, '2018-07-17 06:44:50', 11.71, 3516952396080247, 107),
    (3011, '2018-07-17 08:10:36', 16.21, 4586962917519654607, 83),
    (2023, '2018-07-17 09:00:53', 3.97, 4498002758300, 143),
    (721, '2018-07-17 10:11:12', 233.0, 3516952396080247, 73),
    (2737, '2018-07-17 14:28:32', 17.9, 3561954487988605, 72),
    (824, '2018-07-17 16:30:39', 0.69, 3517111172421930, 145),
    (1172, '2018-07-17 18:07:53', 10.07, 4268491956169254, 31),
    (755, '2018-07-17 22:11:50', 0.52, 4506405265172173, 142),
    (2932, '2018-07-17 23:45:12', 13.75, 4711773125020499, 33),
    (2336, '2018-07-18 00:07:36', 1.54, 4681896441519, 75),
    (762, '2018-07-18 02:21:00', 1.0, 501879657465, 95),
    (2525, '2018-07-18 02:32:17', 19.15, 5175947111814778, 12),
    (2179, '2018-07-18 05:43:40', 2.74, 4586962917519654607, 73),
    (1124, '2018-07-18 08:04:03', 10.45, 3581345943543942, 103),
    (136, '2018-07-18 09:19:08', 974.0, 344119623920892, 19),
    (1444, '2018-07-18 15:02:35', 10.01, 4644008655884311378, 88),
    (2763, '2018-07-18 19:18:10', 19.32, 4681896441519, 20),
    (2306, '2018-07-18 23:24:57', 4.2, 213193946980303, 109),
    (2417, '2018-07-19 01:03:11', 2.84, 4834483169177062, 93),
    (118, '2018-07-19 01:51:26', 10.08, 584226564303, 22),
    (1160, '2018-07-19 05:57:28', 10.14, 584226564303, 29),
    (1983, '2018-07-19 09:12:40', 5.48, 30142966699187, 16),
    (2480, '2018-07-19 10:03:38', 16.92, 6500236164848279, 10),
    (663, '2018-07-19 11:23:42', 2.06, 4743204091443101526, 67),
    (737, '2018-07-19 11:34:16', 3.74, 4279104135293225293, 128),
    (2680, '2018-07-19 16:11:10', 19.12, 5570600642865857, 17),
    (3165, '2018-07-19 19:49:21', 19.15, 503842928916, 7),
    (210, '2018-07-19 22:50:06', 6.4, 6011987562414062, 108),
    (3114, '2018-07-20 04:37:21', 18.3, 501879657465, 40),
    (1634, '2018-07-20 11:37:36', 13.5, 3516952396080247, 10),
    (1285, '2018-07-20 14:22:00', 10.04, 3561954487988605, 78),
    (514, '2018-07-20 14:53:24', 12.09, 584226564303, 20),
    (1768, '2018-07-20 15:42:02', 11.48, 4188164051171486, 44),
    (3226, '2018-07-20 18:07:48', 18.01, 4962915017023706562, 95),
    (2180, '2018-07-20 19:12:07', 4.22, 5570600642865857, 10),
    (2908, '2018-07-21 01:01:16', 15.46, 4159836738768855913, 112),
    (1543, '2018-07-21 01:41:15', 10.07, 3516952396080247, 121),
    (1367, '2018-07-21 02:00:22', 11.1, 4539990688484983, 90),
    (2803, '2018-07-21 06:21:42', 16.74, 4743204091443101526, 44),
    (2279, '2018-07-21 07:26:50', 5.11, 4159836738768855913, 140),
    (1623, '2018-07-21 09:34:52', 12.16, 501809222273, 116),
    (3472, '2018-07-21 10:54:25', 3.46, 501809222273, 118),
    (682, '2018-07-21 11:08:39', 291.0, 30142966699187, 119),
    (2571, '2018-07-21 11:17:58', 16.53, 4586962917519654607, 1),
    (3224, '2018-07-21 15:39:13', 17.53, 344119623920892, 142),
    (633, '2018-07-21 23:12:46', 1.42, 3535651398328201, 117),
    (1519, '2018-07-22 00:53:29', 11.14, 4681896441519, 118),
    (2425, '2018-07-22 01:03:31', 1.2, 4319653513507, 11),
    (1282, '2018-07-22 12:37:13', 10.33, 675911140852, 96),
    (2309, '2018-07-22 14:37:49', 5.55, 5297187379298983, 81),
    (2542, '2018-07-22 17:51:34', 15.47, 3561072557118696, 93),
    (42, '2018-07-22 18:28:56', 7.24, 6500236164848279, 67),
    (2140, '2018-07-22 18:58:36', 2.55, 30142966699187, 102),
    (51, '2018-07-23 06:21:52', 5.64, 4711773125020499, 30),
    (1763, '2018-07-23 07:33:44', 11.45, 584226564303, 79),
    (2446, '2018-07-23 10:37:38', 4.15, 372414832802279, 45),
    (851, '2018-07-23 12:02:46', 1.13, 5135837688671496, 15),
    (701, '2018-07-23 15:52:25', 1.87, 3582198969197591, 70),
    (1206, '2018-07-23 18:59:07', 11.82, 4834483169177062, 142),
    (2690, '2018-07-23 22:05:10', 17.21, 4150721559116778, 34),
    (1807, '2018-07-23 23:27:11', 10.97, 4506405265172173, 79),
    (2654, '2018-07-24 02:49:12', 16.36, 4741042733274, 142),
    (1217, '2018-07-24 03:14:20', 10.17, 3517111172421930, 77),
    (3358, '2018-07-24 06:24:21', 1.13, 4743204091443101526, 141),
    (345, '2018-07-24 07:40:27', 3.35, 4723783028106084756, 108),
    (725, '2018-07-24 10:05:43', 0.89, 5500708021555307, 27),
    (3024, '2018-07-24 10:27:57', 18.98, 30181963913340, 124),
    (1597, '2018-07-24 10:40:53', 10.65, 30063281385429, 85),
    (1719, '2018-07-24 14:15:42', 12.76, 3535651398328201, 92),
    (2088, '2018-07-24 14:44:27', 5.02, 4268491956169254, 136),
    (3430, '2018-07-24 16:09:27', 2.82, 4741042733274, 32),
    (866, '2018-07-24 16:40:31', 1.24, 4276466390111, 46),
    (3049, '2018-07-24 17:42:47', 16.75, 3535651398328201, 123),
    (29, '2018-07-24 20:45:21', 7.78, 4711773125020499, 92),
    (883, '2018-07-24 21:03:22', 12.89, 4743204091443101526, 29),
    (1348, '2018-07-24 22:42:00', 1108.0, 3581345943543942, 35),
    (1248, '2018-07-25 00:49:03', 10.41, 4279104135293225293, 32),
    (2438, '2018-07-25 00:52:31', 5.69, 4150721559116778, 29),
    (1631, '2018-07-25 06:25:46', 12.17, 30181963913340, 2),
    (1426, '2018-07-25 06:54:44', 12.24, 180098539019105, 78);